domain,evaluation_strategy,popularity_notion,algorithm,metric_type,user_group,comparison_group,value,p_value
music,eva_two,pop_one,MostPop,NDCG,low,N/A,0.6382550996979433,
music,eva_two,pop_one,UserKNN,NDCG,low,N/A,0.6341731583169765,
music,eva_two,pop_one,ItemKNN,NDCG,low,N/A,0.6348809725012229,
music,eva_two,pop_one,PMF,NDCG,low,N/A,0.6404394969859474,
music,eva_two,pop_one,NMF,NDCG,low,N/A,0.6456207889932599,
music,eva_two,pop_one,HPF,NDCG,low,N/A,0.6282235596391195,
music,eva_two,pop_one,MostPop,NDCG,med,N/A,0.6117803698539284,
music,eva_two,pop_one,UserKNN,NDCG,med,N/A,0.6112767720992899,
music,eva_two,pop_one,ItemKNN,NDCG,med,N/A,0.6066453117561564,
music,eva_two,pop_one,PMF,NDCG,med,N/A,0.6350221135261807,
music,eva_two,pop_one,NMF,NDCG,med,N/A,0.6175090191152197,
music,eva_two,pop_one,HPF,NDCG,med,N/A,0.6057906191337349,
music,eva_two,pop_one,MostPop,NDCG,high,N/A,0.6041366474084819,
music,eva_two,pop_one,UserKNN,NDCG,high,N/A,0.6111985794884288,
music,eva_two,pop_one,ItemKNN,NDCG,high,N/A,0.6090344118447394,
music,eva_two,pop_one,PMF,NDCG,high,N/A,0.6418899449840326,
music,eva_two,pop_one,NMF,NDCG,high,N/A,0.608575941283821,
music,eva_two,pop_one,HPF,NDCG,high,N/A,0.624803403541611,
music,eva_two,pop_one,MostPop,GAP,low,N/A,-31.92265533670538,
music,eva_two,pop_one,UserKNN,GAP,low,N/A,-53.39969016075023,
music,eva_two,pop_one,ItemKNN,GAP,low,N/A,-63.86638858186613,
music,eva_two,pop_one,PMF,GAP,low,N/A,178.88582623454283,
music,eva_two,pop_one,NMF,GAP,low,N/A,-32.0660406611527,
music,eva_two,pop_one,HPF,GAP,low,N/A,-23.568120629653823,
music,eva_two,pop_one,MostPop,GAP,med,N/A,-38.74595252736846,
music,eva_two,pop_one,UserKNN,GAP,med,N/A,-52.59773023990334,
music,eva_two,pop_one,ItemKNN,GAP,med,N/A,-68.81268320429712,
music,eva_two,pop_one,PMF,GAP,med,N/A,165.5592802528421,
music,eva_two,pop_one,NMF,GAP,med,N/A,-38.16974162733571,
music,eva_two,pop_one,HPF,GAP,med,N/A,-23.367691459516298,
music,eva_two,pop_one,MostPop,GAP,high,N/A,-28.26681078159653,
music,eva_two,pop_one,UserKNN,GAP,high,N/A,-38.99712600236924,
music,eva_two,pop_one,ItemKNN,GAP,high,N/A,-51.43342588795239,
music,eva_two,pop_one,PMF,GAP,high,N/A,99.80139931148574,
music,eva_two,pop_one,NMF,GAP,high,N/A,-25.45214701707137,
music,eva_two,pop_one,HPF,GAP,high,N/A,-13.616775231486638,
music,eva_two,pop_one,MostPop,NDCG_TTEST,N/A,low-med,,0.0005561611262634
music,eva_two,pop_one,UserKNN,NDCG_TTEST,N/A,low-med,,0.0018352540405701
music,eva_two,pop_one,ItemKNN,NDCG_TTEST,N/A,low-med,,0.0002258839513702
music,eva_two,pop_one,PMF,NDCG_TTEST,N/A,low-med,,0.4806585222581135
music,eva_two,pop_one,NMF,NDCG_TTEST,N/A,low-med,,0.0001670937253479
music,eva_two,pop_one,HPF,NDCG_TTEST,N/A,low-med,,0.0028591648624045
music,eva_two,pop_one,MostPop,NDCG_TTEST,N/A,low-high,,0.0002180681421577
music,eva_two,pop_one,UserKNN,NDCG_TTEST,N/A,low-high,,0.0120612417303985
music,eva_two,pop_one,ItemKNN,NDCG_TTEST,N/A,low-high,,0.0055061547598205
music,eva_two,pop_one,PMF,NDCG_TTEST,N/A,low-high,,0.8757580071601123
music,eva_two,pop_one,NMF,NDCG_TTEST,N/A,low-high,,5.2233904228829534e-05
music,eva_two,pop_one,HPF,NDCG_TTEST,N/A,low-high,,0.7131297943141346
music,eva_two,pop_one,MostPop,NDCG_TTEST,N/A,med-high,,0.3017103895166978
music,eva_two,pop_one,UserKNN,NDCG_TTEST,N/A,med-high,,0.9918305296882084
music,eva_two,pop_one,ItemKNN,NDCG_TTEST,N/A,med-high,,0.7513938537515377
music,eva_two,pop_one,PMF,NDCG_TTEST,N/A,med-high,,0.3560662996166176
music,eva_two,pop_one,NMF,NDCG_TTEST,N/A,med-high,,0.231687738728488
music,eva_two,pop_one,HPF,NDCG_TTEST,N/A,med-high,,0.0130154052456382
music,eva_two,pop_one,MostPop,GAP_TTEST,N/A,low-med,,0.0001189099031557
music,eva_two,pop_one,UserKNN,GAP_TTEST,N/A,low-med,,0.5981193355866877
music,eva_two,pop_one,ItemKNN,GAP_TTEST,N/A,low-med,,0.0002819565299827
music,eva_two,pop_one,PMF,GAP_TTEST,N/A,low-med,,0.0241672816868306
music,eva_two,pop_one,NMF,GAP_TTEST,N/A,low-med,,0.0007834441194157
music,eva_two,pop_one,HPF,GAP_TTEST,N/A,low-med,,0.9158388350021944
music,eva_two,pop_one,MostPop,GAP_TTEST,N/A,low-high,,0.0973239079320223
music,eva_two,pop_one,UserKNN,GAP_TTEST,N/A,low-high,,1.2158056571860744e-12
music,eva_two,pop_one,ItemKNN,GAP_TTEST,N/A,low-high,,1.672854188680095e-10
music,eva_two,pop_one,PMF,GAP_TTEST,N/A,low-high,,2.2634526288538056e-36
music,eva_two,pop_one,NMF,GAP_TTEST,N/A,low-high,,0.0028763869750698
music,eva_two,pop_one,HPF,GAP_TTEST,N/A,low-high,,9.215541640848274e-06
music,eva_two,pop_one,MostPop,GAP_TTEST,N/A,med-high,,9.520830678947994e-10
music,eva_two,pop_one,UserKNN,GAP_TTEST,N/A,med-high,,2.815861594781145e-16
music,eva_two,pop_one,ItemKNN,GAP_TTEST,N/A,med-high,,6.597472347505508e-26
music,eva_two,pop_one,PMF,GAP_TTEST,N/A,med-high,,3.591973499464466e-118
music,eva_two,pop_one,NMF,GAP_TTEST,N/A,med-high,,2.9462835529909704e-14
music,eva_two,pop_one,HPF,GAP_TTEST,N/A,med-high,,5.308389649169176e-09
music,eva_two,pop_two,MostPop,NDCG,low,N/A,0.6357250819521304,
music,eva_two,pop_two,UserKNN,NDCG,low,N/A,0.6308247377631745,
music,eva_two,pop_two,ItemKNN,NDCG,low,N/A,0.627840017293432,
music,eva_two,pop_two,PMF,NDCG,low,N/A,0.6363653140082867,
music,eva_two,pop_two,NMF,NDCG,low,N/A,0.6462642062351851,
music,eva_two,pop_two,HPF,NDCG,low,N/A,0.6268288651472368,
music,eva_two,pop_two,MostPop,NDCG,med,N/A,0.6148927502768372,
music,eva_two,pop_two,UserKNN,NDCG,med,N/A,0.6142275504132286,
music,eva_two,pop_two,ItemKNN,NDCG,med,N/A,0.6107208529027842,
music,eva_two,pop_two,PMF,NDCG,med,N/A,0.6343889275805235,
music,eva_two,pop_two,NMF,NDCG,med,N/A,0.6184223792247449,
music,eva_two,pop_two,HPF,NDCG,med,N/A,0.6091050201125141,
music,eva_two,pop_two,MostPop,NDCG,high,N/A,0.597272894761749,
music,eva_two,pop_two,UserKNN,NDCG,high,N/A,0.6056478379125112,
music,eva_two,pop_two,ItemKNN,NDCG,high,N/A,0.6037978139890411,
music,eva_two,pop_two,PMF,NDCG,high,N/A,0.6478724880165214,
music,eva_two,pop_two,NMF,NDCG,high,N/A,0.6051371727353941,
music,eva_two,pop_two,HPF,NDCG,high,N/A,0.61619987644258,
music,eva_two,pop_two,MostPop,GAP,low,N/A,-32.27080402334925,
music,eva_two,pop_two,UserKNN,GAP,low,N/A,-53.18163826306218,
music,eva_two,pop_two,ItemKNN,GAP,low,N/A,-65.05516438797464,
music,eva_two,pop_two,PMF,GAP,low,N/A,191.0587793674639,
music,eva_two,pop_two,NMF,GAP,low,N/A,-33.32967361784408,
music,eva_two,pop_two,HPF,GAP,low,N/A,-23.61459527703297,
music,eva_two,pop_two,MostPop,GAP,med,N/A,-39.85412693449891,
music,eva_two,pop_two,UserKNN,GAP,med,N/A,-53.3250131445479,
music,eva_two,pop_two,ItemKNN,GAP,med,N/A,-69.16228542264764,
music,eva_two,pop_two,PMF,GAP,med,N/A,169.19369851998562,
music,eva_two,pop_two,NMF,GAP,med,N/A,-38.39031484310518,
music,eva_two,pop_two,HPF,GAP,med,N/A,-23.83359909522707,
music,eva_two,pop_two,MostPop,GAP,high,N/A,-26.1966277282472,
music,eva_two,pop_two,UserKNN,GAP,high,N/A,-38.137851653092405,
music,eva_two,pop_two,ItemKNN,GAP,high,N/A,-50.82578313665049,
music,eva_two,pop_two,PMF,GAP,high,N/A,90.30905864374492,
music,eva_two,pop_two,NMF,GAP,high,N/A,-24.88572541627923,
music,eva_two,pop_two,HPF,GAP,high,N/A,-13.025883381449372,
music,eva_two,pop_two,MostPop,NDCG_TTEST,N/A,low-med,,0.0058681361235181
music,eva_two,pop_two,UserKNN,NDCG_TTEST,N/A,low-med,,0.0238311312184798
music,eva_two,pop_two,ItemKNN,NDCG_TTEST,N/A,low-med,,0.0243177959260571
music,eva_two,pop_two,PMF,NDCG_TTEST,N/A,low-med,,0.7940469496962378
music,eva_two,pop_two,NMF,NDCG_TTEST,N/A,low-med,,0.0001811252552617
music,eva_two,pop_two,HPF,NDCG_TTEST,N/A,low-med,,0.0202108322582415
music,eva_two,pop_two,MostPop,NDCG_TTEST,N/A,low-high,,2.297478292390024e-05
music,eva_two,pop_two,UserKNN,NDCG_TTEST,N/A,low-high,,0.0055372787131913
music,eva_two,pop_two,ItemKNN,NDCG_TTEST,N/A,low-high,,0.0105450520097311
music,eva_two,pop_two,PMF,NDCG_TTEST,N/A,low-high,,0.2171301841807077
music,eva_two,pop_two,NMF,NDCG_TTEST,N/A,low-high,,6.606189697939525e-06
music,eva_two,pop_two,HPF,NDCG_TTEST,N/A,low-high,,0.2578567912138138
music,eva_two,pop_two,MostPop,NDCG_TTEST,N/A,med-high,,0.0166837497144104
music,eva_two,pop_two,UserKNN,NDCG_TTEST,N/A,med-high,,0.2567079333043695
music,eva_two,pop_two,ItemKNN,NDCG_TTEST,N/A,med-high,,0.3670969882479737
music,eva_two,pop_two,PMF,NDCG_TTEST,N/A,med-high,,0.0759503979656879
music,eva_two,pop_two,NMF,NDCG_TTEST,N/A,med-high,,0.0751219219686473
music,eva_two,pop_two,HPF,NDCG_TTEST,N/A,med-high,,0.3519724649726223
music,eva_two,pop_two,MostPop,GAP_TTEST,N/A,low-med,,1.3922418840971906e-06
music,eva_two,pop_two,UserKNN,GAP_TTEST,N/A,low-med,,0.908912254692699
music,eva_two,pop_two,ItemKNN,GAP_TTEST,N/A,low-med,,4.565025306874103e-05
music,eva_two,pop_two,PMF,GAP_TTEST,N/A,low-med,,0.0003940042689521
music,eva_two,pop_two,NMF,GAP_TTEST,N/A,low-med,,0.0010415419613133
music,eva_two,pop_two,HPF,GAP_TTEST,N/A,low-med,,0.8982323506969482
music,eva_two,pop_two,MostPop,GAP_TTEST,N/A,low-high,,0.002434337437886
music,eva_two,pop_two,UserKNN,GAP_TTEST,N/A,low-high,,3.322338384711021e-16
music,eva_two,pop_two,ItemKNN,GAP_TTEST,N/A,low-high,,3.905086656497407e-16
music,eva_two,pop_two,PMF,GAP_TTEST,N/A,low-high,,5.1482281572010734e-51
music,eva_two,pop_two,NMF,GAP_TTEST,N/A,low-high,,2.213735712683928e-05
music,eva_two,pop_two,HPF,GAP_TTEST,N/A,low-high,,3.793889974319782e-07
music,eva_two,pop_two,MostPop,GAP_TTEST,N/A,med-high,,5.634530551656891e-17
music,eva_two,pop_two,UserKNN,GAP_TTEST,N/A,med-high,,1.7514029904665982e-20
music,eva_two,pop_two,ItemKNN,GAP_TTEST,N/A,med-high,,6.953023360704687e-29
music,eva_two,pop_two,PMF,GAP_TTEST,N/A,med-high,,5.187825906598507e-156
music,eva_two,pop_two,NMF,GAP_TTEST,N/A,med-high,,8.323874213350086e-17
music,eva_two,pop_two,HPF,GAP_TTEST,N/A,med-high,,2.0426676652241317e-11
music,eva_two,pop_four,MostPop,NDCG,low,N/A,0.607487900521114,
music,eva_two,pop_four,UserKNN,NDCG,low,N/A,0.6147372894242478,
music,eva_two,pop_four,ItemKNN,NDCG,low,N/A,0.6049843251880884,
music,eva_two,pop_four,PMF,NDCG,low,N/A,0.6398331019440593,
music,eva_two,pop_four,NMF,NDCG,low,N/A,0.6054522365092908,
music,eva_two,pop_four,HPF,NDCG,low,N/A,0.6229063871676054,
music,eva_two,pop_four,MostPop,NDCG,med,N/A,0.6081400160365038,
music,eva_two,pop_four,UserKNN,NDCG,med,N/A,0.6090828473776194,
music,eva_two,pop_four,ItemKNN,NDCG,med,N/A,0.6083107599690479,
music,eva_two,pop_four,PMF,NDCG,med,N/A,0.6337713945101136,
music,eva_two,pop_four,NMF,NDCG,med,N/A,0.6189555448123659,
music,eva_two,pop_four,HPF,NDCG,med,N/A,0.6057251258910672,
music,eva_two,pop_four,MostPop,NDCG,high,N/A,0.6459067959443809,
music,eva_two,pop_four,UserKNN,NDCG,high,N/A,0.6372670678513547,
music,eva_two,pop_four,ItemKNN,NDCG,high,N/A,0.6339707837604179,
music,eva_two,pop_four,PMF,NDCG,high,N/A,0.6462599686295103,
music,eva_two,pop_four,NMF,NDCG,high,N/A,0.6444599934723355,
music,eva_two,pop_four,HPF,NDCG,high,N/A,0.6303264949362535,
music,eva_two,pop_four,MostPop,GAP,low,N/A,-29.544243047885548,
music,eva_two,pop_four,UserKNN,GAP,low,N/A,-40.25100948812,
music,eva_two,pop_four,ItemKNN,GAP,low,N/A,-52.94146264388092,
music,eva_two,pop_four,PMF,GAP,low,N/A,107.1447463469761,
music,eva_two,pop_four,NMF,GAP,low,N/A,-27.09490894201383,
music,eva_two,pop_four,HPF,GAP,low,N/A,-14.836897568060625,
music,eva_two,pop_four,MostPop,GAP,med,N/A,-38.1256165170114,
music,eva_two,pop_four,UserKNN,GAP,med,N/A,-51.941526191068434,
music,eva_two,pop_four,ItemKNN,GAP,med,N/A,-67.74284885606683,
music,eva_two,pop_four,PMF,GAP,med,N/A,162.58990485581816,
music,eva_two,pop_four,NMF,GAP,med,N/A,-37.708769646295416,
music,eva_two,pop_four,HPF,GAP,med,N/A,-22.981819259388526,
music,eva_two,pop_four,MostPop,GAP,high,N/A,-31.60056615122091,
music,eva_two,pop_four,UserKNN,GAP,high,N/A,-52.393862985474016,
music,eva_two,pop_four,ItemKNN,GAP,high,N/A,-64.29082470362569,
music,eva_two,pop_four,PMF,GAP,high,N/A,169.72121386870282,
music,eva_two,pop_four,NMF,GAP,high,N/A,-29.98463028052279,
music,eva_two,pop_four,HPF,GAP,high,N/A,-21.82621438967657,
music,eva_two,pop_four,MostPop,NDCG_TTEST,N/A,low-med,,0.929479904425019
music,eva_two,pop_four,UserKNN,NDCG_TTEST,N/A,low-med,,0.457927068644401
music,eva_two,pop_four,ItemKNN,NDCG_TTEST,N/A,low-med,,0.6506098493339263
music,eva_two,pop_four,PMF,NDCG_TTEST,N/A,low-med,,0.4076518299144538
music,eva_two,pop_four,NMF,NDCG_TTEST,N/A,low-med,,0.0713710276772673
music,eva_two,pop_four,HPF,NDCG_TTEST,N/A,low-med,,0.0224726567244641
music,eva_two,pop_four,MostPop,NDCG_TTEST,N/A,low-high,,3.728959453207877e-05
music,eva_two,pop_four,UserKNN,NDCG_TTEST,N/A,low-high,,0.0144105925486903
music,eva_two,pop_four,ItemKNN,NDCG_TTEST,N/A,low-high,,0.001777834692164
music,eva_two,pop_four,PMF,NDCG_TTEST,N/A,low-high,,0.48808151644871
music,eva_two,pop_four,NMF,NDCG_TTEST,N/A,low-high,,2.1540221643168327e-05
music,eva_two,pop_four,HPF,NDCG_TTEST,N/A,low-high,,0.4206841121034925
music,eva_two,pop_four,MostPop,NDCG_TTEST,N/A,med-high,,1.2374286618072538e-06
music,eva_two,pop_four,UserKNN,NDCG_TTEST,N/A,med-high,,0.0001480884450706
music,eva_two,pop_four,ItemKNN,NDCG_TTEST,N/A,med-high,,0.0010110712555054
music,eva_two,pop_four,PMF,NDCG_TTEST,N/A,med-high,,0.1089509517399714
music,eva_two,pop_four,NMF,NDCG_TTEST,N/A,med-high,,0.0006367954364482
music,eva_two,pop_four,HPF,NDCG_TTEST,N/A,med-high,,0.00114695172452
music,eva_two,pop_four,MostPop,GAP_TTEST,N/A,low-med,,1.3349347101318115e-06
music,eva_two,pop_four,UserKNN,GAP_TTEST,N/A,low-med,,1.044395004367743e-11
music,eva_two,pop_four,ItemKNN,GAP_TTEST,N/A,low-med,,1.5542438629964341e-18
music,eva_two,pop_four,PMF,GAP_TTEST,N/A,low-med,,2.784673203675501e-78
music,eva_two,pop_four,NMF,GAP_TTEST,N/A,low-med,,1.2676618855048467e-09
music,eva_two,pop_four,HPF,GAP_TTEST,N/A,low-med,,4.3081170779565885e-06
music,eva_two,pop_four,MostPop,GAP_TTEST,N/A,low-high,,0.3742493837902015
music,eva_two,pop_four,UserKNN,GAP_TTEST,N/A,low-high,,9.36405617282466e-09
music,eva_two,pop_four,ItemKNN,GAP_TTEST,N/A,low-high,,1.9329876724925755e-08
music,eva_two,pop_four,PMF,GAP_TTEST,N/A,low-high,,3.730958458690276e-26
music,eva_two,pop_four,NMF,GAP_TTEST,N/A,low-high,,0.2148144855313358
music,eva_two,pop_four,HPF,GAP_TTEST,N/A,low-high,,0.0038955529770755
music,eva_two,pop_four,MostPop,GAP_TTEST,N/A,med-high,,0.0005646822309368
music,eva_two,pop_four,UserKNN,GAP_TTEST,N/A,med-high,,0.7809195399601209
music,eva_two,pop_four,ItemKNN,GAP_TTEST,N/A,med-high,,0.0180946710890618
music,eva_two,pop_four,PMF,GAP_TTEST,N/A,med-high,,0.2030257420402135
music,eva_two,pop_four,NMF,GAP_TTEST,N/A,med-high,,6.784114271712393e-05
music,eva_two,pop_four,HPF,GAP_TTEST,N/A,med-high,,0.576466490525159
music,eva_three,pop_one,MostPop,NDCG,low,N/A,0.0368404968767638,
music,eva_three,pop_one,UserKNN,NDCG,low,N/A,0.0118524125209943,
music,eva_three,pop_one,ItemKNN,NDCG,low,N/A,0.0125215340724791,
music,eva_three,pop_one,PMF,NDCG,low,N/A,0.1121613319970473,
music,eva_three,pop_one,NMF,NDCG,low,N/A,0.0194747127531682,
music,eva_three,pop_one,HPF,NDCG,low,N/A,0.0394202417416518,
music,eva_three,pop_one,MostPop,NDCG,med,N/A,0.0452858834082723,
music,eva_three,pop_one,UserKNN,NDCG,med,N/A,0.0087318833641111,
music,eva_three,pop_one,ItemKNN,NDCG,med,N/A,0.0079861025184216,
music,eva_three,pop_one,PMF,NDCG,med,N/A,0.2523299376290964,
music,eva_three,pop_one,NMF,NDCG,med,N/A,0.0131936595792068,
music,eva_three,pop_one,HPF,NDCG,med,N/A,0.0586211404386354,
music,eva_three,pop_one,MostPop,NDCG,high,N/A,0.0304490603390315,
music,eva_three,pop_one,UserKNN,NDCG,high,N/A,0.0019444444444444,
music,eva_three,pop_one,ItemKNN,NDCG,high,N/A,0.0010754533557098,
music,eva_three,pop_one,PMF,NDCG,high,N/A,0.2719789417195629,
music,eva_three,pop_one,NMF,NDCG,high,N/A,0.0039162887466471,
music,eva_three,pop_one,HPF,NDCG,high,N/A,0.0334413138838576,
music,eva_three,pop_one,MostPop,GAP,low,N/A,-13.3089961941974,
music,eva_three,pop_one,UserKNN,GAP,low,N/A,-81.57482445969082,
music,eva_three,pop_one,ItemKNN,GAP,low,N/A,-83.51337683567715,
music,eva_three,pop_one,PMF,GAP,low,N/A,412.6031802945154,
music,eva_three,pop_one,NMF,GAP,low,N/A,-72.91318915151614,
music,eva_three,pop_one,HPF,GAP,low,N/A,-60.4402794128705,
music,eva_three,pop_one,MostPop,GAP,med,N/A,-47.40614512978139,
music,eva_three,pop_one,UserKNN,GAP,med,N/A,-88.69059027454195,
music,eva_three,pop_one,ItemKNN,GAP,med,N/A,-90.02618395548299,
music,eva_three,pop_one,PMF,GAP,med,N/A,197.6668560359571,
music,eva_three,pop_one,NMF,GAP,med,N/A,-83.7751428983376,
music,eva_three,pop_one,HPF,GAP,med,N/A,-70.97895382038749,
music,eva_three,pop_one,MostPop,GAP,high,N/A,-63.4883790059497,
music,eva_three,pop_one,UserKNN,GAP,high,N/A,-92.17413238349276,
music,eva_three,pop_one,ItemKNN,GAP,high,N/A,-93.07673968760328,
music,eva_three,pop_one,PMF,GAP,high,N/A,104.70362378276803,
music,eva_three,pop_one,NMF,GAP,high,N/A,-88.67581832954554,
music,eva_three,pop_one,HPF,GAP,high,N/A,-75.12955540782644,
music,eva_three,pop_one,MostPop,NDCG_TTEST,N/A,low-med,,0.1854619365071601
music,eva_three,pop_one,UserKNN,NDCG_TTEST,N/A,low-med,,0.3651059165489941
music,eva_three,pop_one,ItemKNN,NDCG_TTEST,N/A,low-med,,0.2753184591300363
music,eva_three,pop_one,PMF,NDCG_TTEST,N/A,low-med,,2.4962780887811717e-31
music,eva_three,pop_one,NMF,NDCG_TTEST,N/A,low-med,,0.1787111810735822
music,eva_three,pop_one,HPF,NDCG_TTEST,N/A,low-med,,0.0050848768384065
music,eva_three,pop_one,MostPop,NDCG_TTEST,N/A,low-high,,0.4027998251077082
music,eva_three,pop_one,UserKNN,NDCG_TTEST,N/A,low-high,,0.0026247744038877
music,eva_three,pop_one,ItemKNN,NDCG_TTEST,N/A,low-high,,0.0036135417068565
music,eva_three,pop_one,PMF,NDCG_TTEST,N/A,low-high,,1.5496375657355274e-26
music,eva_three,pop_one,NMF,NDCG_TTEST,N/A,low-high,,0.0006445868143967
music,eva_three,pop_one,HPF,NDCG_TTEST,N/A,low-high,,0.4318109960700681
music,eva_three,pop_one,MostPop,NDCG_TTEST,N/A,med-high,,0.0240991955931406
music,eva_three,pop_one,UserKNN,NDCG_TTEST,N/A,med-high,,0.0004268337018109
music,eva_three,pop_one,ItemKNN,NDCG_TTEST,N/A,med-high,,8.273098897712993e-05
music,eva_three,pop_one,PMF,NDCG_TTEST,N/A,med-high,,0.1247681336762597
music,eva_three,pop_one,NMF,NDCG_TTEST,N/A,med-high,,0.0003364412743469
music,eva_three,pop_one,HPF,NDCG_TTEST,N/A,med-high,,0.0001067474869672
music,eva_three,pop_one,MostPop,GAP_TTEST,N/A,low-med,,0.0
music,eva_three,pop_one,UserKNN,GAP_TTEST,N/A,low-med,,0.0
music,eva_three,pop_one,ItemKNN,GAP_TTEST,N/A,low-med,,6.850051214617396e-254
music,eva_three,pop_one,PMF,GAP_TTEST,N/A,low-med,,0.0
music,eva_three,pop_one,NMF,GAP_TTEST,N/A,low-med,,2.8325117273059184e-123
music,eva_three,pop_one,HPF,GAP_TTEST,N/A,low-med,,1.0862809381607852e-39
music,eva_three,pop_one,MostPop,GAP_TTEST,N/A,low-high,,0.0
music,eva_three,pop_one,UserKNN,GAP_TTEST,N/A,low-high,,0.0
music,eva_three,pop_one,ItemKNN,GAP_TTEST,N/A,low-high,,0.0
music,eva_three,pop_one,PMF,GAP_TTEST,N/A,low-high,,0.0
music,eva_three,pop_one,NMF,GAP_TTEST,N/A,low-high,,4.6835320410359263e-197
music,eva_three,pop_one,HPF,GAP_TTEST,N/A,low-high,,1.9823034130757328e-63
music,eva_three,pop_one,MostPop,GAP_TTEST,N/A,med-high,,0.0
music,eva_three,pop_one,UserKNN,GAP_TTEST,N/A,med-high,,0.0
music,eva_three,pop_one,ItemKNN,GAP_TTEST,N/A,med-high,,0.0
music,eva_three,pop_one,PMF,GAP_TTEST,N/A,med-high,,0.0
music,eva_three,pop_one,NMF,GAP_TTEST,N/A,med-high,,5.446998261946765e-140
music,eva_three,pop_one,HPF,GAP_TTEST,N/A,med-high,,7.376996078747578e-14
music,eva_three,pop_two,MostPop,NDCG,low,N/A,0.0440097954348114,
music,eva_three,pop_two,UserKNN,NDCG,low,N/A,0.0117282969027187,
music,eva_three,pop_two,ItemKNN,NDCG,low,N/A,0.0119957592778363,
music,eva_three,pop_two,PMF,NDCG,low,N/A,0.1125156273168088,
music,eva_three,pop_two,NMF,NDCG,low,N/A,0.0183817827827714,
music,eva_three,pop_two,HPF,NDCG,low,N/A,0.0483094824378549,
music,eva_three,pop_two,MostPop,NDCG,med,N/A,0.0463642402751992,
music,eva_three,pop_two,UserKNN,NDCG,med,N/A,0.0089969534453473,
music,eva_three,pop_two,ItemKNN,NDCG,med,N/A,0.007103928217952,
music,eva_three,pop_two,PMF,NDCG,med,N/A,0.2545431770283829,
music,eva_three,pop_two,NMF,NDCG,med,N/A,0.0136758686609192,
music,eva_three,pop_two,HPF,NDCG,med,N/A,0.0562042353403843,
music,eva_three,pop_two,MostPop,NDCG,high,N/A,0.0200446911802032,
music,eva_three,pop_two,UserKNN,NDCG,high,N/A,0.0012733498190112,
music,eva_three,pop_two,ItemKNN,NDCG,high,N/A,0.0042477510517617,
music,eva_three,pop_two,PMF,NDCG,high,N/A,0.2649849282019421,
music,eva_three,pop_two,NMF,NDCG,high,N/A,0.0035625914719069,
music,eva_three,pop_two,HPF,NDCG,high,N/A,0.0318027884824079,
music,eva_three,pop_two,MostPop,GAP,low,N/A,-9.50769285699699,
music,eva_three,pop_two,UserKNN,GAP,low,N/A,-80.78699300243946,
music,eva_three,pop_two,ItemKNN,GAP,low,N/A,-82.85153219178996,
music,eva_three,pop_two,PMF,GAP,low,N/A,431.3172072975364,
music,eva_three,pop_two,NMF,GAP,low,N/A,-71.90816958258077,
music,eva_three,pop_two,HPF,GAP,low,N/A,-58.17654703421309,
music,eva_three,pop_two,MostPop,GAP,med,N/A,-46.69263486896268,
music,eva_three,pop_two,UserKNN,GAP,med,N/A,-88.56744786922879,
music,eva_three,pop_two,ItemKNN,GAP,med,N/A,-89.87826333844988,
music,eva_three,pop_two,PMF,GAP,med,N/A,200.6878952809228,
music,eva_three,pop_two,NMF,GAP,med,N/A,-83.68464090629868,
music,eva_three,pop_two,HPF,GAP,med,N/A,-70.74161735599066,
music,eva_three,pop_two,MostPop,GAP,high,N/A,-65.33564461743099,
music,eva_three,pop_two,UserKNN,GAP,high,N/A,-92.5013348084404,
music,eva_three,pop_two,ItemKNN,GAP,high,N/A,-93.4281693843045,
music,eva_three,pop_two,PMF,GAP,high,N/A,97.78269006436544,
music,eva_three,pop_two,NMF,GAP,high,N/A,-88.91739477795504,
music,eva_three,pop_two,HPF,GAP,high,N/A,-76.195355357865,
music,eva_three,pop_two,MostPop,NDCG_TTEST,N/A,low-med,,0.7340784650832785
music,eva_three,pop_two,UserKNN,NDCG_TTEST,N/A,low-med,,0.4261813870349096
music,eva_three,pop_two,ItemKNN,NDCG_TTEST,N/A,low-med,,0.2262792793746323
music,eva_three,pop_two,PMF,NDCG_TTEST,N/A,low-med,,1.3301235568841278e-32
music,eva_three,pop_two,NMF,NDCG_TTEST,N/A,low-med,,0.2897183482490351
music,eva_three,pop_two,HPF,NDCG_TTEST,N/A,low-med,,0.2864453640696984
music,eva_three,pop_two,MostPop,NDCG_TTEST,N/A,low-high,,0.001181418049559
music,eva_three,pop_two,UserKNN,NDCG_TTEST,N/A,low-high,,0.0010713241719954
music,eva_three,pop_two,ItemKNN,NDCG_TTEST,N/A,low-high,,0.057669447730704
music,eva_three,pop_two,PMF,NDCG_TTEST,N/A,low-high,,2.917860089503719e-24
music,eva_three,pop_two,NMF,NDCG_TTEST,N/A,low-high,,0.0004425777589029
music,eva_three,pop_two,HPF,NDCG_TTEST,N/A,low-high,,0.0483647569581447
music,eva_three,pop_two,MostPop,NDCG_TTEST,N/A,med-high,,4.280763403503855e-06
music,eva_three,pop_two,UserKNN,NDCG_TTEST,N/A,med-high,,2.114207573892181e-05
music,eva_three,pop_two,ItemKNN,NDCG_TTEST,N/A,med-high,,0.2018504165228246
music,eva_three,pop_two,PMF,NDCG_TTEST,N/A,med-high,,0.419325960987562
music,eva_three,pop_two,NMF,NDCG_TTEST,N/A,med-high,,6.587453663926697e-05
music,eva_three,pop_two,HPF,NDCG_TTEST,N/A,med-high,,0.0002197618748187
music,eva_three,pop_two,MostPop,GAP_TTEST,N/A,low-med,,0.0
music,eva_three,pop_two,UserKNN,GAP_TTEST,N/A,low-med,,0.0
music,eva_three,pop_two,ItemKNN,GAP_TTEST,N/A,low-med,,1.7667213495626894e-266
music,eva_three,pop_two,PMF,GAP_TTEST,N/A,low-med,,0.0
music,eva_three,pop_two,NMF,GAP_TTEST,N/A,low-med,,8.329343124968727e-127
music,eva_three,pop_two,HPF,GAP_TTEST,N/A,low-med,,6.436486232125146e-45
music,eva_three,pop_two,MostPop,GAP_TTEST,N/A,low-high,,0.0
music,eva_three,pop_two,UserKNN,GAP_TTEST,N/A,low-high,,0.0
music,eva_three,pop_two,ItemKNN,GAP_TTEST,N/A,low-high,,0.0
music,eva_three,pop_two,PMF,GAP_TTEST,N/A,low-high,,0.0
music,eva_three,pop_two,NMF,GAP_TTEST,N/A,low-high,,4.3389183708254073e-200
music,eva_three,pop_two,HPF,GAP_TTEST,N/A,low-high,,8.132995460843285e-76
music,eva_three,pop_two,MostPop,GAP_TTEST,N/A,med-high,,0.0
music,eva_three,pop_two,UserKNN,GAP_TTEST,N/A,med-high,,0.0
music,eva_three,pop_two,ItemKNN,GAP_TTEST,N/A,med-high,,0.0
music,eva_three,pop_two,PMF,GAP_TTEST,N/A,med-high,,0.0
music,eva_three,pop_two,NMF,GAP_TTEST,N/A,med-high,,6.7838915003725125e-158
music,eva_three,pop_two,HPF,GAP_TTEST,N/A,med-high,,1.3983336537664745e-22
music,eva_three,pop_four,MostPop,NDCG,low,N/A,0.0400308009363095,
music,eva_three,pop_four,UserKNN,NDCG,low,N/A,0.0017047897562911,
music,eva_three,pop_four,ItemKNN,NDCG,low,N/A,0.0010754533557098,
music,eva_three,pop_four,PMF,NDCG,low,N/A,0.2757660791865306,
music,eva_three,pop_four,NMF,NDCG,low,N/A,0.0057749748821266,
music,eva_three,pop_four,HPF,NDCG,low,N/A,0.0392030602326632,
music,eva_three,pop_four,MostPop,NDCG,med,N/A,0.0436680641223223,
music,eva_three,pop_four,UserKNN,NDCG,med,N/A,0.0087811142649155,
music,eva_three,pop_four,ItemKNN,NDCG,med,N/A,0.008208606068975,
music,eva_three,pop_four,PMF,NDCG,med,N/A,0.2501177445546004,
music,eva_three,pop_four,NMF,NDCG,med,N/A,0.0124587751975619,
music,eva_three,pop_four,HPF,NDCG,med,N/A,0.0591422850444287,
music,eva_three,pop_four,MostPop,NDCG,high,N/A,0.0321122141373358,
music,eva_three,pop_four,UserKNN,NDCG,high,N/A,0.0119443745067344,
music,eva_three,pop_four,ItemKNN,NDCG,high,N/A,0.0118540234208189,
music,eva_three,pop_four,PMF,NDCG,high,N/A,0.1150107737535676,
music,eva_three,pop_four,NMF,NDCG,high,N/A,0.0198206797626237,
music,eva_three,pop_four,HPF,NDCG,high,N/A,0.0320950615754665,
music,eva_three,pop_four,MostPop,GAP,low,N/A,-61.73027186116457,
music,eva_three,pop_four,UserKNN,GAP,low,N/A,-91.7808670433571,
music,eva_three,pop_four,ItemKNN,GAP,low,N/A,-92.70034043519054,
music,eva_three,pop_four,PMF,GAP,low,N/A,115.03159190864444,
music,eva_three,pop_four,NMF,GAP,low,N/A,-88.17116270686964,
music,eva_three,pop_four,HPF,GAP,low,N/A,-74.6041007074887,
music,eva_three,pop_four,MostPop,GAP,med,N/A,-47.69288673416915,
music,eva_three,pop_four,UserKNN,GAP,med,N/A,-88.75575202148485,
music,eva_three,pop_four,ItemKNN,GAP,med,N/A,-90.08311743140398,
music,eva_three,pop_four,PMF,GAP,med,N/A,196.0262670701244,
music,eva_three,pop_four,NMF,GAP,med,N/A,-83.82390895731578,
music,eva_three,pop_four,HPF,GAP,med,N/A,-71.17309923246489,
music,eva_three,pop_four,MostPop,GAP,high,N/A,-19.850474418463456,
music,eva_three,pop_four,UserKNN,GAP,high,N/A,-82.98278040682338,
music,eva_three,pop_four,ItemKNN,GAP,high,N/A,-84.8347273106797,
music,eva_three,pop_four,PMF,GAP,high,N/A,372.9990745478643,
music,eva_three,pop_four,NMF,GAP,high,N/A,-75.05481533968779,
music,eva_three,pop_four,HPF,GAP,high,N/A,-61.86222553079942,
music,eva_three,pop_four,MostPop,NDCG_TTEST,N/A,low-med,,0.6105863628100725
music,eva_three,pop_four,UserKNN,NDCG_TTEST,N/A,low-med,,0.0001234907838898
music,eva_three,pop_four,ItemKNN,NDCG_TTEST,N/A,low-med,,6.891849980433513e-05
music,eva_three,pop_four,PMF,NDCG_TTEST,N/A,low-med,,0.0500872427417861
music,eva_three,pop_four,NMF,NDCG_TTEST,N/A,low-med,,0.0283047463065213
music,eva_three,pop_four,HPF,NDCG_TTEST,N/A,low-med,,0.0039251773607159
music,eva_three,pop_four,MostPop,NDCG_TTEST,N/A,low-high,,0.3249064114279211
music,eva_three,pop_four,UserKNN,NDCG_TTEST,N/A,low-high,,0.0016691852767654
music,eva_three,pop_four,ItemKNN,NDCG_TTEST,N/A,low-high,,0.0043700538862331
music,eva_three,pop_four,PMF,NDCG_TTEST,N/A,low-high,,3.40656122234344e-26
music,eva_three,pop_four,NMF,NDCG_TTEST,N/A,low-high,,0.0044168229807228
music,eva_three,pop_four,HPF,NDCG_TTEST,N/A,low-high,,0.3427968716287529
music,eva_three,pop_four,MostPop,NDCG_TTEST,N/A,med-high,,0.0602617018016278
music,eva_three,pop_four,UserKNN,NDCG_TTEST,N/A,med-high,,0.361068606791346
music,eva_three,pop_four,ItemKNN,NDCG_TTEST,N/A,med-high,,0.365866806981445
music,eva_three,pop_four,PMF,NDCG_TTEST,N/A,med-high,,6.698304197732207e-30
music,eva_three,pop_four,NMF,NDCG_TTEST,N/A,med-high,,0.1168770738143508
music,eva_three,pop_four,HPF,NDCG_TTEST,N/A,med-high,,1.932554008999728e-05
music,eva_three,pop_four,MostPop,GAP_TTEST,N/A,low-med,,1.117e-321
music,eva_three,pop_four,UserKNN,GAP_TTEST,N/A,low-med,,0.0
music,eva_three,pop_four,ItemKNN,GAP_TTEST,N/A,low-med,,6.915e-320
music,eva_three,pop_four,PMF,GAP_TTEST,N/A,low-med,,2.12843e-319
music,eva_three,pop_four,NMF,GAP_TTEST,N/A,low-med,,4.651824499388434e-112
music,eva_three,pop_four,HPF,GAP_TTEST,N/A,low-med,,6.6025253957510285e-09
music,eva_three,pop_four,MostPop,GAP_TTEST,N/A,low-high,,0.0
music,eva_three,pop_four,UserKNN,GAP_TTEST,N/A,low-high,,0.0
music,eva_three,pop_four,ItemKNN,GAP_TTEST,N/A,low-high,,0.0
music,eva_three,pop_four,PMF,GAP_TTEST,N/A,low-high,,0.0
music,eva_three,pop_four,NMF,GAP_TTEST,N/A,low-high,,1.3710750446876783e-183
music,eva_three,pop_four,HPF,GAP_TTEST,N/A,low-high,,1.935297939673857e-44
music,eva_three,pop_four,MostPop,GAP_TTEST,N/A,med-high,,0.0
music,eva_three,pop_four,UserKNN,GAP_TTEST,N/A,med-high,,1.596e-320
music,eva_three,pop_four,ItemKNN,GAP_TTEST,N/A,med-high,,4.6131092441443264e-228
music,eva_three,pop_four,PMF,GAP_TTEST,N/A,med-high,,0.0
music,eva_three,pop_four,NMF,GAP_TTEST,N/A,med-high,,7.618005871781851e-108
music,eva_three,pop_four,HPF,GAP_TTEST,N/A,med-high,,2.1802887094572195e-30
movies,eva_two,pop_one,MostPop,NDCG,low,N/A,0.9041432510357408,
movies,eva_two,pop_one,UserKNN,NDCG,low,N/A,0.8983950062386442,
movies,eva_two,pop_one,ItemKNN,NDCG,low,N/A,0.8997870815442999,
movies,eva_two,pop_one,PMF,NDCG,low,N/A,0.9035371348843274,
movies,eva_two,pop_one,NMF,NDCG,low,N/A,0.9008598852185076,
movies,eva_two,pop_one,HPF,NDCG,low,N/A,0.9042268159328288,
movies,eva_two,pop_one,MostPop,NDCG,med,N/A,0.9167403567026609,
movies,eva_two,pop_one,UserKNN,NDCG,med,N/A,0.9067108954913712,
movies,eva_two,pop_one,ItemKNN,NDCG,med,N/A,0.9053023264317356,
movies,eva_two,pop_one,PMF,NDCG,med,N/A,0.9137250830111546,
movies,eva_two,pop_one,NMF,NDCG,med,N/A,0.907206767191226,
movies,eva_two,pop_one,HPF,NDCG,med,N/A,0.9156627339152456,
movies,eva_two,pop_one,MostPop,NDCG,high,N/A,0.9247071530411416,
movies,eva_two,pop_one,UserKNN,NDCG,high,N/A,0.9141193262741858,
movies,eva_two,pop_one,ItemKNN,NDCG,high,N/A,0.9117410849810968,
movies,eva_two,pop_one,PMF,NDCG,high,N/A,0.9226849782753704,
movies,eva_two,pop_one,NMF,NDCG,high,N/A,0.9137619847763246,
movies,eva_two,pop_one,HPF,NDCG,high,N/A,0.9263978111656624,
movies,eva_two,pop_one,MostPop,GAP,low,N/A,-27.44516250073857,
movies,eva_two,pop_one,UserKNN,GAP,low,N/A,-57.960172169478206,
movies,eva_two,pop_one,ItemKNN,GAP,low,N/A,-59.39111142812742,
movies,eva_two,pop_one,PMF,GAP,low,N/A,-34.732338836543285,
movies,eva_two,pop_one,NMF,GAP,low,N/A,-57.37636417808199,
movies,eva_two,pop_one,HPF,GAP,low,N/A,-30.40491967413293,
movies,eva_two,pop_one,MostPop,GAP,med,N/A,-13.972092763623166,
movies,eva_two,pop_one,UserKNN,GAP,med,N/A,-39.39545665142693,
movies,eva_two,pop_one,ItemKNN,GAP,med,N/A,-41.22331498052114,
movies,eva_two,pop_one,PMF,GAP,med,N/A,-18.454670805326664,
movies,eva_two,pop_one,NMF,GAP,med,N/A,-38.34821696224867,
movies,eva_two,pop_one,HPF,GAP,med,N/A,-13.10824825366076,
movies,eva_two,pop_one,MostPop,GAP,high,N/A,-4.451610062369875,
movies,eva_two,pop_one,UserKNN,GAP,high,N/A,-17.051812263461706,
movies,eva_two,pop_one,ItemKNN,GAP,high,N/A,-18.694440002336883,
movies,eva_two,pop_one,PMF,GAP,high,N/A,-5.331011366231061,
movies,eva_two,pop_one,NMF,GAP,high,N/A,-16.221508280856163,
movies,eva_two,pop_one,HPF,GAP,high,N/A,-2.489162990577063,
movies,eva_two,pop_one,MostPop,NDCG_TTEST,N/A,low-med,,2.0374757395179803e-09
movies,eva_two,pop_one,UserKNN,NDCG_TTEST,N/A,low-med,,0.0003055957159164
movies,eva_two,pop_one,ItemKNN,NDCG_TTEST,N/A,low-med,,0.0161449527128546
movies,eva_two,pop_one,PMF,NDCG_TTEST,N/A,low-med,,2.00000080613196e-06
movies,eva_two,pop_one,NMF,NDCG_TTEST,N/A,low-med,,0.0056646300434882
movies,eva_two,pop_one,HPF,NDCG_TTEST,N/A,low-med,,5.835015036018664e-08
movies,eva_two,pop_one,MostPop,NDCG_TTEST,N/A,low-high,,3.2771925612521366e-17
movies,eva_two,pop_one,UserKNN,NDCG_TTEST,N/A,low-high,,5.134552823193282e-09
movies,eva_two,pop_one,ItemKNN,NDCG_TTEST,N/A,low-high,,8.971925470479753e-06
movies,eva_two,pop_one,PMF,NDCG_TTEST,N/A,low-high,,8.864948671232204e-15
movies,eva_two,pop_one,NMF,NDCG_TTEST,N/A,low-high,,1.3257125132331209e-06
movies,eva_two,pop_one,HPF,NDCG_TTEST,N/A,low-high,,1.5207526275798065e-19
movies,eva_two,pop_one,MostPop,NDCG_TTEST,N/A,med-high,,1.1137250308968336e-05
movies,eva_two,pop_one,UserKNN,NDCG_TTEST,N/A,med-high,,0.0002037618606564
movies,eva_two,pop_one,ItemKNN,NDCG_TTEST,N/A,med-high,,0.0016180810630981
movies,eva_two,pop_one,PMF,NDCG_TTEST,N/A,med-high,,1.0393958748068004e-06
movies,eva_two,pop_one,NMF,NDCG_TTEST,N/A,med-high,,0.0010166337472672
movies,eva_two,pop_one,HPF,NDCG_TTEST,N/A,med-high,,3.826149567715991e-09
movies,eva_two,pop_one,MostPop,GAP_TTEST,N/A,low-med,,4.252999128507759e-28
movies,eva_two,pop_one,UserKNN,GAP_TTEST,N/A,low-med,,1.0895022832888706e-36
movies,eva_two,pop_one,ItemKNN,GAP_TTEST,N/A,low-med,,2.6348472070111105e-35
movies,eva_two,pop_one,PMF,GAP_TTEST,N/A,low-med,,9.494949540661291e-33
movies,eva_two,pop_one,NMF,GAP_TTEST,N/A,low-med,,9.009339106865915e-39
movies,eva_two,pop_one,HPF,GAP_TTEST,N/A,low-med,,1.3668729411144307e-39
movies,eva_two,pop_one,MostPop,GAP_TTEST,N/A,low-high,,1.0579865539118534e-62
movies,eva_two,pop_one,UserKNN,GAP_TTEST,N/A,low-high,,1.446085569989492e-126
movies,eva_two,pop_one,ItemKNN,GAP_TTEST,N/A,low-high,,8.345714199402472e-124
movies,eva_two,pop_one,PMF,GAP_TTEST,N/A,low-high,,9.035584247946544e-84
movies,eva_two,pop_one,NMF,GAP_TTEST,N/A,low-high,,5.683014133763409e-130
movies,eva_two,pop_one,HPF,GAP_TTEST,N/A,low-high,,1.0309911837504156e-82
movies,eva_two,pop_one,MostPop,GAP_TTEST,N/A,med-high,,9.23489415983095e-22
movies,eva_two,pop_one,UserKNN,GAP_TTEST,N/A,med-high,,2.8347829523677157e-68
movies,eva_two,pop_one,ItemKNN,GAP_TTEST,N/A,med-high,,7.118388232977405e-67
movies,eva_two,pop_one,PMF,GAP_TTEST,N/A,med-high,,8.332234377862094e-36
movies,eva_two,pop_one,NMF,GAP_TTEST,N/A,med-high,,8.672947085131094e-69
movies,eva_two,pop_one,HPF,GAP_TTEST,N/A,med-high,,3.7334774070755166e-27
movies,eva_two,pop_two,MostPop,NDCG,low,N/A,0.9031694860147575,
movies,eva_two,pop_two,UserKNN,NDCG,low,N/A,0.8986553699794705,
movies,eva_two,pop_two,ItemKNN,NDCG,low,N/A,0.8998626992019428,
movies,eva_two,pop_two,PMF,NDCG,low,N/A,0.9029922905840546,
movies,eva_two,pop_two,NMF,NDCG,low,N/A,0.9006983346960326,
movies,eva_two,pop_two,HPF,NDCG,low,N/A,0.903172038829611,
movies,eva_two,pop_two,MostPop,NDCG,med,N/A,0.9169068249855544,
movies,eva_two,pop_two,UserKNN,NDCG,med,N/A,0.906809811070161,
movies,eva_two,pop_two,ItemKNN,NDCG,med,N/A,0.9053426086676984,
movies,eva_two,pop_two,PMF,NDCG,med,N/A,0.912872546535061,
movies,eva_two,pop_two,NMF,NDCG,med,N/A,0.90715313124559,
movies,eva_two,pop_two,HPF,NDCG,med,N/A,0.9155926552007432,
movies,eva_two,pop_two,MostPop,NDCG,high,N/A,0.9252158332819616,
movies,eva_two,pop_two,UserKNN,NDCG,high,N/A,0.9135850954741308,
movies,eva_two,pop_two,ItemKNN,NDCG,high,N/A,0.9115644525820912,
movies,eva_two,pop_two,PMF,NDCG,high,N/A,0.9258307718856676,
movies,eva_two,pop_two,NMF,NDCG,high,N/A,0.9141076630320196,
movies,eva_two,pop_two,HPF,NDCG,high,N/A,0.9277061401861524,
movies,eva_two,pop_two,MostPop,GAP,low,N/A,-29.173763305452283,
movies,eva_two,pop_two,UserKNN,GAP,low,N/A,-62.46000668431875,
movies,eva_two,pop_two,ItemKNN,GAP,low,N/A,-63.95218336355646,
movies,eva_two,pop_two,PMF,GAP,low,N/A,-37.81652133793505,
movies,eva_two,pop_two,NMF,GAP,low,N/A,-61.84026043267978,
movies,eva_two,pop_two,HPF,GAP,low,N/A,-33.52311291717052,
movies,eva_two,pop_two,MostPop,GAP,med,N/A,-14.765319027827545,
movies,eva_two,pop_two,UserKNN,GAP,med,N/A,-41.44523690222191,
movies,eva_two,pop_two,ItemKNN,GAP,med,N/A,-43.46012481331131,
movies,eva_two,pop_two,PMF,GAP,med,N/A,-19.33838485243305,
movies,eva_two,pop_two,NMF,GAP,med,N/A,-40.31701596703326,
movies,eva_two,pop_two,HPF,GAP,med,N/A,-13.35682827049152,
movies,eva_two,pop_two,MostPop,GAP,high,N/A,-2.469318809192305,
movies,eva_two,pop_two,UserKNN,GAP,high,N/A,-11.576460420375971,
movies,eva_two,pop_two,ItemKNN,GAP,high,N/A,-12.790384580042543,
movies,eva_two,pop_two,PMF,GAP,high,N/A,-2.6666356618219176,
movies,eva_two,pop_two,NMF,GAP,high,N/A,-10.93462308754037,
movies,eva_two,pop_two,HPF,GAP,high,N/A,-1.0863886680380586,
movies,eva_two,pop_two,MostPop,NDCG_TTEST,N/A,low-med,,5.6601217620583616e-11
movies,eva_two,pop_two,UserKNN,NDCG_TTEST,N/A,low-med,,0.0003407629675886
movies,eva_two,pop_two,ItemKNN,NDCG_TTEST,N/A,low-med,,0.0162018295314093
movies,eva_two,pop_two,PMF,NDCG_TTEST,N/A,low-med,,3.979121408006545e-06
movies,eva_two,pop_two,NMF,NDCG_TTEST,N/A,low-med,,0.0046391648136121
movies,eva_two,pop_two,HPF,NDCG_TTEST,N/A,low-med,,4.2905658089323776e-09
movies,eva_two,pop_two,MostPop,NDCG_TTEST,N/A,low-high,,5.892631030409146e-19
movies,eva_two,pop_two,UserKNN,NDCG_TTEST,N/A,low-high,,2.818618270190605e-08
movies,eva_two,pop_two,ItemKNN,NDCG_TTEST,N/A,low-high,,1.5659652769529853e-05
movies,eva_two,pop_two,PMF,NDCG_TTEST,N/A,low-high,,6.04627628942523e-20
movies,eva_two,pop_two,NMF,NDCG_TTEST,N/A,low-high,,5.371466832316691e-07
movies,eva_two,pop_two,HPF,NDCG_TTEST,N/A,low-high,,1.1650766662882134e-22
movies,eva_two,pop_two,MostPop,NDCG_TTEST,N/A,med-high,,7.933259333321306e-06
movies,eva_two,pop_two,UserKNN,NDCG_TTEST,N/A,med-high,,0.0008134767046618
movies,eva_two,pop_two,ItemKNN,NDCG_TTEST,N/A,med-high,,0.0027150300102003
movies,eva_two,pop_two,PMF,NDCG_TTEST,N/A,med-high,,3.2450160743261426e-12
movies,eva_two,pop_two,NMF,NDCG_TTEST,N/A,med-high,,0.0005684361978785
movies,eva_two,pop_two,HPF,NDCG_TTEST,N/A,med-high,,8.590288281494437e-11
movies,eva_two,pop_two,MostPop,GAP_TTEST,N/A,low-med,,9.987138708126453e-40
movies,eva_two,pop_two,UserKNN,GAP_TTEST,N/A,low-med,,1.2503294091615237e-58
movies,eva_two,pop_two,ItemKNN,GAP_TTEST,N/A,low-med,,3.179228463965368e-56
movies,eva_two,pop_two,PMF,GAP_TTEST,N/A,low-med,,4.444875688423942e-51
movies,eva_two,pop_two,NMF,GAP_TTEST,N/A,low-med,,8.515219252803165e-62
movies,eva_two,pop_two,HPF,GAP_TTEST,N/A,low-med,,1.2687436381456948e-65
movies,eva_two,pop_two,MostPop,GAP_TTEST,N/A,low-high,,2.0840883283383054e-96
movies,eva_two,pop_two,UserKNN,GAP_TTEST,N/A,low-high,,1.9042951129783398e-220
movies,eva_two,pop_two,ItemKNN,GAP_TTEST,N/A,low-high,,1.2442916506949064e-219
movies,eva_two,pop_two,PMF,GAP_TTEST,N/A,low-high,,6.236482356779647e-136
movies,eva_two,pop_two,NMF,GAP_TTEST,N/A,low-high,,1.7051008811030849e-223
movies,eva_two,pop_two,HPF,GAP_TTEST,N/A,low-high,,1.049178975681687e-127
movies,eva_two,pop_two,MostPop,GAP_TTEST,N/A,med-high,,4.018829143587613e-38
movies,eva_two,pop_two,UserKNN,GAP_TTEST,N/A,med-high,,7.546982198669626e-133
movies,eva_two,pop_two,ItemKNN,GAP_TTEST,N/A,med-high,,2.2474078398650847e-134
movies,eva_two,pop_two,PMF,GAP_TTEST,N/A,med-high,,7.692137383873356e-63
movies,eva_two,pop_two,NMF,GAP_TTEST,N/A,med-high,,4.584014770805192e-132
movies,eva_two,pop_two,HPF,GAP_TTEST,N/A,med-high,,7.980535737497735e-39
movies,eva_two,pop_four,MostPop,NDCG,low,N/A,0.9214042285905204,
movies,eva_two,pop_four,UserKNN,NDCG,low,N/A,0.9087753297933152,
movies,eva_two,pop_four,ItemKNN,NDCG,low,N/A,0.9066191025502846,
movies,eva_two,pop_four,PMF,NDCG,low,N/A,0.9178677662426982,
movies,eva_two,pop_four,NMF,NDCG,low,N/A,0.908629960472512,
movies,eva_two,pop_four,HPF,NDCG,low,N/A,0.9207096293774868,
movies,eva_two,pop_four,MostPop,NDCG,med,N/A,0.9161423244170402,
movies,eva_two,pop_four,UserKNN,NDCG,med,N/A,0.9067706176472456,
movies,eva_two,pop_four,ItemKNN,NDCG,med,N/A,0.905633997097444,
movies,eva_two,pop_four,PMF,NDCG,med,N/A,0.9133279044577832,
movies,eva_two,pop_four,NMF,NDCG,med,N/A,0.9078624537919008,
movies,eva_two,pop_four,HPF,NDCG,med,N/A,0.9155784081345968,
movies,eva_two,pop_four,MostPop,NDCG,high,N/A,0.9092274549520672,
movies,eva_two,pop_four,UserKNN,NDCG,high,N/A,0.9035444877929388,
movies,eva_two,pop_four,ItemKNN,NDCG,high,N/A,0.9039015636300712,
movies,eva_two,pop_four,PMF,NDCG,high,N/A,0.9095378387265144,
movies,eva_two,pop_four,NMF,NDCG,high,N/A,0.9040062659154744,
movies,eva_two,pop_four,HPF,NDCG,high,N/A,0.9101566174843496,
movies,eva_two,pop_four,MostPop,GAP,low,N/A,-6.598217091854655,
movies,eva_two,pop_four,UserKNN,GAP,low,N/A,-21.10560560184412,
movies,eva_two,pop_four,ItemKNN,GAP,low,N/A,-22.89155505971102,
movies,eva_two,pop_four,PMF,GAP,low,N/A,-7.64230085469494,
movies,eva_two,pop_four,NMF,GAP,low,N/A,-20.10019132127057,
movies,eva_two,pop_four,HPF,GAP,low,N/A,-5.141442085635821,
movies,eva_two,pop_four,MostPop,GAP,med,N/A,-15.098855261126475,
movies,eva_two,pop_four,UserKNN,GAP,med,N/A,-40.92159554874898,
movies,eva_two,pop_four,ItemKNN,GAP,med,N/A,-42.75459592924307,
movies,eva_two,pop_four,PMF,GAP,med,N/A,-19.69472039445147,
movies,eva_two,pop_four,NMF,GAP,med,N/A,-39.910659793089856,
movies,eva_two,pop_four,HPF,GAP,med,N/A,-14.341925884365708,
movies,eva_two,pop_four,MostPop,GAP,high,N/A,-15.822045091964462,
movies,eva_two,pop_four,UserKNN,GAP,high,N/A,-38.26136609104061,
movies,eva_two,pop_four,ItemKNN,GAP,high,N/A,-39.49577059473936,
movies,eva_two,pop_four,PMF,GAP,high,N/A,-21.120728439497604,
movies,eva_two,pop_four,NMF,GAP,high,N/A,-37.759805728127766,
movies,eva_two,pop_four,HPF,GAP,high,N/A,-16.796345508467002,
movies,eva_two,pop_four,MostPop,NDCG_TTEST,N/A,low-med,,0.0052429299467695
movies,eva_two,pop_four,UserKNN,NDCG_TTEST,N/A,low-med,,0.3282998948217249
movies,eva_two,pop_four,ItemKNN,NDCG_TTEST,N/A,low-med,,0.636857709305767
movies,eva_two,pop_four,PMF,NDCG_TTEST,N/A,low-med,,0.0185196393651288
movies,eva_two,pop_four,NMF,NDCG_TTEST,N/A,low-med,,0.707609072602214
movies,eva_two,pop_four,HPF,NDCG_TTEST,N/A,low-med,,0.0066862459537613
movies,eva_two,pop_four,MostPop,NDCG_TTEST,N/A,low-high,,7.857459777944099e-07
movies,eva_two,pop_four,UserKNN,NDCG_TTEST,N/A,low-high,,0.0520831441248173
movies,eva_two,pop_four,ItemKNN,NDCG_TTEST,N/A,low-high,,0.3182738899148468
movies,eva_two,pop_four,PMF,NDCG_TTEST,N/A,low-high,,0.0009414414050665
movies,eva_two,pop_four,NMF,NDCG_TTEST,N/A,low-high,,0.0842128998985679
movies,eva_two,pop_four,HPF,NDCG_TTEST,N/A,low-high,,2.159123322853109e-05
movies,eva_two,pop_four,MostPop,NDCG_TTEST,N/A,med-high,,0.0008463554066987
movies,eva_two,pop_four,UserKNN,NDCG_TTEST,N/A,med-high,,0.1537435266511838
movies,eva_two,pop_four,ItemKNN,NDCG_TTEST,N/A,med-high,,0.4484341455904994
movies,eva_two,pop_four,PMF,NDCG_TTEST,N/A,med-high,,0.073239219936688
movies,eva_two,pop_four,NMF,NDCG_TTEST,N/A,med-high,,0.0882626205257419
movies,eva_two,pop_four,HPF,NDCG_TTEST,N/A,med-high,,0.0094535810049683
movies,eva_two,pop_four,MostPop,GAP_TTEST,N/A,low-med,,3.874143889807201e-13
movies,eva_two,pop_four,UserKNN,GAP_TTEST,N/A,low-med,,9.621516801974591e-44
movies,eva_two,pop_four,ItemKNN,GAP_TTEST,N/A,low-med,,1.093053429096228e-42
movies,eva_two,pop_four,PMF,GAP_TTEST,N/A,low-med,,1.0413119759220515e-22
movies,eva_two,pop_four,NMF,GAP_TTEST,N/A,low-med,,1.6151466595027132e-44
movies,eva_two,pop_four,HPF,GAP_TTEST,N/A,low-med,,6.971717664759127e-15
movies,eva_two,pop_four,MostPop,GAP_TTEST,N/A,low-high,,1.5182339480385374e-07
movies,eva_two,pop_four,UserKNN,GAP_TTEST,N/A,low-high,,2.1245472582982928e-16
movies,eva_two,pop_four,ItemKNN,GAP_TTEST,N/A,low-high,,3.049305605774021e-15
movies,eva_two,pop_four,PMF,GAP_TTEST,N/A,low-high,,5.138896898247688e-13
movies,eva_two,pop_four,NMF,GAP_TTEST,N/A,low-high,,1.8741953602888698e-17
movies,eva_two,pop_four,HPF,GAP_TTEST,N/A,low-high,,1.0157592131607359e-10
movies,eva_two,pop_four,MostPop,GAP_TTEST,N/A,med-high,,0.6498107671306901
movies,eva_two,pop_four,UserKNN,GAP_TTEST,N/A,med-high,,0.1568134856815221
movies,eva_two,pop_four,ItemKNN,GAP_TTEST,N/A,med-high,,0.0836502382923867
movies,eva_two,pop_four,PMF,GAP_TTEST,N/A,med-high,,0.4034868989194428
movies,eva_two,pop_four,NMF,GAP_TTEST,N/A,med-high,,0.2505521280642531
movies,eva_two,pop_four,HPF,GAP_TTEST,N/A,med-high,,0.1368311578807428
movies,eva_three,pop_one,MostPop,NDCG,low,N/A,0.171153295354193,
movies,eva_three,pop_one,UserKNN,NDCG,low,N/A,0.0003565203295309,
movies,eva_three,pop_one,ItemKNN,NDCG,low,N/A,0.0,
movies,eva_three,pop_one,PMF,NDCG,low,N/A,0.0,
movies,eva_three,pop_one,NMF,NDCG,low,N/A,0.0,
movies,eva_three,pop_one,HPF,NDCG,low,N/A,0.1097817382458233,
movies,eva_three,pop_one,MostPop,NDCG,med,N/A,0.1123459503450138,
movies,eva_three,pop_one,UserKNN,NDCG,med,N/A,0.0,
movies,eva_three,pop_one,ItemKNN,NDCG,med,N/A,0.0,
movies,eva_three,pop_one,PMF,NDCG,med,N/A,0.0,
movies,eva_three,pop_one,NMF,NDCG,med,N/A,0.0,
movies,eva_three,pop_one,HPF,NDCG,med,N/A,0.0737326239104941,
movies,eva_three,pop_one,MostPop,NDCG,high,N/A,0.0582640818991022,
movies,eva_three,pop_one,UserKNN,NDCG,high,N/A,0.0,
movies,eva_three,pop_one,ItemKNN,NDCG,high,N/A,0.0,
movies,eva_three,pop_one,PMF,NDCG,high,N/A,0.0,
movies,eva_three,pop_one,NMF,NDCG,high,N/A,0.0,
movies,eva_three,pop_one,HPF,NDCG,high,N/A,0.0368271253552223,
movies,eva_three,pop_one,MostPop,GAP,low,N/A,11.344406737249258,
movies,eva_three,pop_one,UserKNN,GAP,low,N/A,-99.83568465174456,
movies,eva_three,pop_one,ItemKNN,GAP,low,N/A,-99.84219382345536,
movies,eva_three,pop_one,PMF,GAP,low,N/A,-99.67370397716316,
movies,eva_three,pop_one,NMF,GAP,low,N/A,-99.83545625975472,
movies,eva_three,pop_one,HPF,GAP,low,N/A,-77.6217721808748,
movies,eva_three,pop_one,MostPop,GAP,med,N/A,-23.571624705766773,
movies,eva_three,pop_one,UserKNN,GAP,med,N/A,-99.88689859862764,
movies,eva_three,pop_one,ItemKNN,GAP,med,N/A,-99.89280657672414,
movies,eva_three,pop_one,PMF,GAP,med,N/A,-99.8160697991526,
movies,eva_three,pop_one,NMF,GAP,med,N/A,-99.88745447242884,
movies,eva_three,pop_one,HPF,GAP,med,N/A,-74.75588770151755,
movies,eva_three,pop_one,MostPop,GAP,high,N/A,-42.63748664059953,
movies,eva_three,pop_one,UserKNN,GAP,high,N/A,-99.9141898185168,
movies,eva_three,pop_one,ItemKNN,GAP,high,N/A,-99.91915881145523,
movies,eva_three,pop_one,PMF,GAP,high,N/A,-99.865076764302,
movies,eva_three,pop_one,NMF,GAP,high,N/A,-99.9150354650723,
movies,eva_three,pop_one,HPF,GAP,high,N/A,-71.54844452420895,
movies,eva_three,pop_one,MostPop,NDCG_TTEST,N/A,low-med,,1.573250647524038e-11
movies,eva_three,pop_one,UserKNN,NDCG_TTEST,N/A,low-med,,0.3175109391797235
movies,eva_three,pop_one,ItemKNN,NDCG_TTEST,N/A,low-med,,
movies,eva_three,pop_one,PMF,NDCG_TTEST,N/A,low-med,,
movies,eva_three,pop_one,NMF,NDCG_TTEST,N/A,low-med,,
movies,eva_three,pop_one,HPF,NDCG_TTEST,N/A,low-med,,1.1184184400684068e-07
movies,eva_three,pop_one,MostPop,NDCG_TTEST,N/A,low-high,,1.4488478349872926e-32
movies,eva_three,pop_one,UserKNN,NDCG_TTEST,N/A,low-high,,0.3175109391797235
movies,eva_three,pop_one,ItemKNN,NDCG_TTEST,N/A,low-high,,
movies,eva_three,pop_one,PMF,NDCG_TTEST,N/A,low-high,,
movies,eva_three,pop_one,NMF,NDCG_TTEST,N/A,low-high,,
movies,eva_three,pop_one,HPF,NDCG_TTEST,N/A,low-high,,4.821683929928742e-24
movies,eva_three,pop_one,MostPop,NDCG_TTEST,N/A,med-high,,2.6636456004611368e-17
movies,eva_three,pop_one,UserKNN,NDCG_TTEST,N/A,med-high,,
movies,eva_three,pop_one,ItemKNN,NDCG_TTEST,N/A,med-high,,
movies,eva_three,pop_one,PMF,NDCG_TTEST,N/A,med-high,,
movies,eva_three,pop_one,NMF,NDCG_TTEST,N/A,med-high,,
movies,eva_three,pop_one,HPF,NDCG_TTEST,N/A,med-high,,7.230964706577877e-14
movies,eva_three,pop_one,MostPop,GAP_TTEST,N/A,low-med,,0.0
movies,eva_three,pop_one,UserKNN,GAP_TTEST,N/A,low-med,,0.0
movies,eva_three,pop_one,ItemKNN,GAP_TTEST,N/A,low-med,,0.0
movies,eva_three,pop_one,PMF,GAP_TTEST,N/A,low-med,,1.653870629683435e-11
movies,eva_three,pop_one,NMF,GAP_TTEST,N/A,low-med,,0.0
movies,eva_three,pop_one,HPF,GAP_TTEST,N/A,low-med,,2.381312854894881e-09
movies,eva_three,pop_one,MostPop,GAP_TTEST,N/A,low-high,,0.0
movies,eva_three,pop_one,UserKNN,GAP_TTEST,N/A,low-high,,0.0
movies,eva_three,pop_one,ItemKNN,GAP_TTEST,N/A,low-high,,0.0
movies,eva_three,pop_one,PMF,GAP_TTEST,N/A,low-high,,2.4960983315582777e-19
movies,eva_three,pop_one,NMF,GAP_TTEST,N/A,low-high,,0.0
movies,eva_three,pop_one,HPF,GAP_TTEST,N/A,low-high,,1.22307721119048e-28
movies,eva_three,pop_one,MostPop,GAP_TTEST,N/A,med-high,,0.0
movies,eva_three,pop_one,UserKNN,GAP_TTEST,N/A,med-high,,0.0
movies,eva_three,pop_one,ItemKNN,GAP_TTEST,N/A,med-high,,0.0
movies,eva_three,pop_one,PMF,GAP_TTEST,N/A,med-high,,2.0207829134599992e-117
movies,eva_three,pop_one,NMF,GAP_TTEST,N/A,med-high,,0.0
movies,eva_three,pop_one,HPF,GAP_TTEST,N/A,med-high,,1.7455707199752953e-14
movies,eva_three,pop_two,MostPop,NDCG,low,N/A,0.1949147500520693,
movies,eva_three,pop_two,UserKNN,NDCG,low,N/A,0.0003568157067716,
movies,eva_three,pop_two,ItemKNN,NDCG,low,N/A,0.0,
movies,eva_three,pop_two,PMF,NDCG,low,N/A,0.0,
movies,eva_three,pop_two,NMF,NDCG,low,N/A,0.0,
movies,eva_three,pop_two,HPF,NDCG,low,N/A,0.1267612022069211,
movies,eva_three,pop_two,MostPop,NDCG,med,N/A,0.1095164233873147,
movies,eva_three,pop_two,UserKNN,NDCG,med,N/A,0.0,
movies,eva_three,pop_two,ItemKNN,NDCG,med,N/A,0.0,
movies,eva_three,pop_two,PMF,NDCG,med,N/A,0.0,
movies,eva_three,pop_two,NMF,NDCG,med,N/A,0.0,
movies,eva_three,pop_two,HPF,NDCG,med,N/A,0.0694112881492116,
movies,eva_three,pop_two,MostPop,NDCG,high,N/A,0.0430721503128228,
movies,eva_three,pop_two,UserKNN,NDCG,high,N/A,0.0,
movies,eva_three,pop_two,ItemKNN,NDCG,high,N/A,0.0,
movies,eva_three,pop_two,PMF,NDCG,high,N/A,0.0,
movies,eva_three,pop_two,NMF,NDCG,high,N/A,0.0,
movies,eva_three,pop_two,HPF,NDCG,high,N/A,0.0328688321574191,
movies,eva_three,pop_two,MostPop,GAP,low,N/A,13.400157409423718,
movies,eva_three,pop_two,UserKNN,GAP,low,N/A,-99.83269196908137,
movies,eva_three,pop_two,ItemKNN,GAP,low,N/A,-99.83865287773553,
movies,eva_three,pop_two,PMF,GAP,low,N/A,-99.6634619022568,
movies,eva_three,pop_two,NMF,GAP,low,N/A,-99.83149719000473,
movies,eva_three,pop_two,HPF,GAP,low,N/A,-76.4795790970186,
movies,eva_three,pop_two,MostPop,GAP,med,N/A,-22.583751992538943,
movies,eva_three,pop_two,UserKNN,GAP,med,N/A,-99.88530971178189,
movies,eva_three,pop_two,ItemKNN,GAP,med,N/A,-99.89149381872213,
movies,eva_three,pop_two,PMF,GAP,med,N/A,-99.8137697000034,
movies,eva_three,pop_two,NMF,GAP,med,N/A,-99.88608751275008,
movies,eva_three,pop_two,HPF,GAP,med,N/A,-74.7485295259393,
movies,eva_three,pop_two,MostPop,GAP,high,N/A,-44.631267801407446,
movies,eva_three,pop_two,UserKNN,GAP,high,N/A,-99.9174282506589,
movies,eva_three,pop_two,ItemKNN,GAP,high,N/A,-99.92211473830388,
movies,eva_three,pop_two,PMF,GAP,high,N/A,-99.87149688722586,
movies,eva_three,pop_two,NMF,GAP,high,N/A,-99.91824822830876,
movies,eva_three,pop_two,HPF,GAP,high,N/A,-72.27295406402841,
movies,eva_three,pop_two,MostPop,NDCG_TTEST,N/A,low-med,,2.6546243747018104e-21
movies,eva_three,pop_two,UserKNN,NDCG_TTEST,N/A,low-med,,0.3175111053403767
movies,eva_three,pop_two,ItemKNN,NDCG_TTEST,N/A,low-med,,
movies,eva_three,pop_two,PMF,NDCG_TTEST,N/A,low-med,,
movies,eva_three,pop_two,NMF,NDCG_TTEST,N/A,low-med,,
movies,eva_three,pop_two,HPF,NDCG_TTEST,N/A,low-med,,1.6549449173784177e-15
movies,eva_three,pop_two,MostPop,NDCG_TTEST,N/A,low-high,,6.539557983949793e-57
movies,eva_three,pop_two,UserKNN,NDCG_TTEST,N/A,low-high,,0.3175111053403767
movies,eva_three,pop_two,ItemKNN,NDCG_TTEST,N/A,low-high,,
movies,eva_three,pop_two,PMF,NDCG_TTEST,N/A,low-high,,
movies,eva_three,pop_two,NMF,NDCG_TTEST,N/A,low-high,,
movies,eva_three,pop_two,HPF,NDCG_TTEST,N/A,low-high,,4.562190909846872e-35
movies,eva_three,pop_two,MostPop,NDCG_TTEST,N/A,med-high,,1.1780725762704007e-29
movies,eva_three,pop_two,UserKNN,NDCG_TTEST,N/A,med-high,,
movies,eva_three,pop_two,ItemKNN,NDCG_TTEST,N/A,med-high,,
movies,eva_three,pop_two,PMF,NDCG_TTEST,N/A,med-high,,
movies,eva_three,pop_two,NMF,NDCG_TTEST,N/A,med-high,,
movies,eva_three,pop_two,HPF,NDCG_TTEST,N/A,med-high,,1.4177681369999112e-14
movies,eva_three,pop_two,MostPop,GAP_TTEST,N/A,low-med,,0.0
movies,eva_three,pop_two,UserKNN,GAP_TTEST,N/A,low-med,,0.0
movies,eva_three,pop_two,ItemKNN,GAP_TTEST,N/A,low-med,,0.0
movies,eva_three,pop_two,PMF,GAP_TTEST,N/A,low-med,,3.906291785102308e-12
movies,eva_three,pop_two,NMF,GAP_TTEST,N/A,low-med,,0.0
movies,eva_three,pop_two,HPF,GAP_TTEST,N/A,low-med,,0.000398526959237
movies,eva_three,pop_two,MostPop,GAP_TTEST,N/A,low-high,,0.0
movies,eva_three,pop_two,UserKNN,GAP_TTEST,N/A,low-high,,0.0
movies,eva_three,pop_two,ItemKNN,GAP_TTEST,N/A,low-high,,0.0
movies,eva_three,pop_two,PMF,GAP_TTEST,N/A,low-high,,1.5750622488891897e-21
movies,eva_three,pop_two,NMF,GAP_TTEST,N/A,low-high,,0.0
movies,eva_three,pop_two,HPF,GAP_TTEST,N/A,low-high,,1.0538932292966541e-14
movies,eva_three,pop_two,MostPop,GAP_TTEST,N/A,med-high,,0.0
movies,eva_three,pop_two,UserKNN,GAP_TTEST,N/A,med-high,,0.0
movies,eva_three,pop_two,ItemKNN,GAP_TTEST,N/A,med-high,,0.0
movies,eva_three,pop_two,PMF,GAP_TTEST,N/A,med-high,,1.7251476441727737e-171
movies,eva_three,pop_two,NMF,GAP_TTEST,N/A,med-high,,0.0
movies,eva_three,pop_two,HPF,GAP_TTEST,N/A,med-high,,1.3067940180128143e-09
movies,eva_three,pop_four,MostPop,NDCG,low,N/A,0.0650584167399723,
movies,eva_three,pop_four,UserKNN,NDCG,low,N/A,0.0,
movies,eva_three,pop_four,ItemKNN,NDCG,low,N/A,0.0,
movies,eva_three,pop_four,PMF,NDCG,low,N/A,0.0,
movies,eva_three,pop_four,NMF,NDCG,low,N/A,0.0,
movies,eva_three,pop_four,HPF,NDCG,low,N/A,0.0378625972077541,
movies,eva_three,pop_four,MostPop,NDCG,med,N/A,0.1308404582306491,
movies,eva_three,pop_four,UserKNN,NDCG,med,N/A,0.0,
movies,eva_three,pop_four,ItemKNN,NDCG,med,N/A,0.0,
movies,eva_three,pop_four,PMF,NDCG,med,N/A,0.0,
movies,eva_three,pop_four,NMF,NDCG,med,N/A,0.0,
movies,eva_three,pop_four,HPF,NDCG,med,N/A,0.0835767718922822,
movies,eva_three,pop_four,MostPop,NDCG,high,N/A,0.1088110933798836,
movies,eva_three,pop_four,UserKNN,NDCG,high,N/A,0.0003568157067716,
movies,eva_three,pop_four,ItemKNN,NDCG,high,N/A,0.0,
movies,eva_three,pop_four,PMF,NDCG,high,N/A,0.0,
movies,eva_three,pop_four,NMF,NDCG,high,N/A,0.0,
movies,eva_three,pop_four,HPF,NDCG,high,N/A,0.0791615006257977,
movies,eva_three,pop_four,MostPop,GAP,low,N/A,-32.01289893730999,
movies,eva_three,pop_four,UserKNN,GAP,low,N/A,-99.89848005452244,
movies,eva_three,pop_four,ItemKNN,GAP,low,N/A,-99.9043856042062,
movies,eva_three,pop_four,PMF,GAP,low,N/A,-99.83577020970816,
movies,eva_three,pop_four,NMF,GAP,low,N/A,-99.90045371081364,
movies,eva_three,pop_four,HPF,GAP,low,N/A,-73.85031851543201,
movies,eva_three,pop_four,MostPop,GAP,med,N/A,-25.58211273311129,
movies,eva_three,pop_four,UserKNN,GAP,med,N/A,-99.88969242005564,
movies,eva_three,pop_four,ItemKNN,GAP,med,N/A,-99.89533504305122,
movies,eva_three,pop_four,PMF,GAP,med,N/A,-99.8193591192825,
movies,eva_three,pop_four,NMF,GAP,med,N/A,-99.8895812774815,
movies,eva_three,pop_four,HPF,GAP,med,N/A,-73.46316582362003,
movies,eva_three,pop_four,MostPop,GAP,high,N/A,-6.150001228339572,
movies,eva_three,pop_four,UserKNN,GAP,high,N/A,-99.86193177289134,
movies,eva_three,pop_four,ItemKNN,GAP,high,N/A,-99.86781400717746,
movies,eva_three,pop_four,PMF,GAP,high,N/A,-99.73706942672052,
movies,eva_three,pop_four,NMF,GAP,high,N/A,-99.86283265561984,
movies,eva_three,pop_four,HPF,GAP,high,N/A,-78.01665965901748,
movies,eva_three,pop_four,MostPop,NDCG_TTEST,N/A,low-med,,1.4442661526380425e-22
movies,eva_three,pop_four,UserKNN,NDCG_TTEST,N/A,low-med,,
movies,eva_three,pop_four,ItemKNN,NDCG_TTEST,N/A,low-med,,
movies,eva_three,pop_four,PMF,NDCG_TTEST,N/A,low-med,,
movies,eva_three,pop_four,NMF,NDCG_TTEST,N/A,low-med,,
movies,eva_three,pop_four,HPF,NDCG_TTEST,N/A,low-med,,1.8211571496372928e-19
movies,eva_three,pop_four,MostPop,NDCG_TTEST,N/A,low-high,,2.711310232311943e-07
movies,eva_three,pop_four,UserKNN,NDCG_TTEST,N/A,low-high,,0.3175111053403767
movies,eva_three,pop_four,ItemKNN,NDCG_TTEST,N/A,low-high,,
movies,eva_three,pop_four,PMF,NDCG_TTEST,N/A,low-high,,
movies,eva_three,pop_four,NMF,NDCG_TTEST,N/A,low-high,,
movies,eva_three,pop_four,HPF,NDCG_TTEST,N/A,low-high,,1.4452912944897763e-09
movies,eva_three,pop_four,MostPop,NDCG_TTEST,N/A,med-high,,0.0043827935973974
movies,eva_three,pop_four,UserKNN,NDCG_TTEST,N/A,med-high,,0.3175111053403767
movies,eva_three,pop_four,ItemKNN,NDCG_TTEST,N/A,med-high,,
movies,eva_three,pop_four,PMF,NDCG_TTEST,N/A,med-high,,
movies,eva_three,pop_four,NMF,NDCG_TTEST,N/A,med-high,,
movies,eva_three,pop_four,HPF,NDCG_TTEST,N/A,med-high,,0.4917365416279416
movies,eva_three,pop_four,MostPop,GAP_TTEST,N/A,low-med,,7.601398773147931e-217
movies,eva_three,pop_four,UserKNN,GAP_TTEST,N/A,low-med,,1.5951530776737678e-221
movies,eva_three,pop_four,ItemKNN,GAP_TTEST,N/A,low-med,,4.0074627839947225e-251
movies,eva_three,pop_four,PMF,GAP_TTEST,N/A,low-med,,1.1982043641960174e-09
movies,eva_three,pop_four,NMF,GAP_TTEST,N/A,low-med,,3.4841970488721868e-267
movies,eva_three,pop_four,HPF,GAP_TTEST,N/A,low-med,,0.4088646897604474
movies,eva_three,pop_four,MostPop,GAP_TTEST,N/A,low-high,,0.0
movies,eva_three,pop_four,UserKNN,GAP_TTEST,N/A,low-high,,0.0
movies,eva_three,pop_four,ItemKNN,GAP_TTEST,N/A,low-high,,2.0777908739163944e-283
movies,eva_three,pop_four,PMF,GAP_TTEST,N/A,low-high,,2.0625431613286853e-08
movies,eva_three,pop_four,NMF,GAP_TTEST,N/A,low-high,,0.0
movies,eva_three,pop_four,HPF,GAP_TTEST,N/A,low-high,,6.46096924633612e-12
movies,eva_three,pop_four,MostPop,GAP_TTEST,N/A,med-high,,0.0
movies,eva_three,pop_four,UserKNN,GAP_TTEST,N/A,med-high,,0.0
movies,eva_three,pop_four,ItemKNN,GAP_TTEST,N/A,med-high,,9.894511405262387e-194
movies,eva_three,pop_four,PMF,GAP_TTEST,N/A,med-high,,2.5405249361668933e-06
movies,eva_three,pop_four,NMF,GAP_TTEST,N/A,med-high,,0.0
movies,eva_three,pop_four,HPF,GAP_TTEST,N/A,med-high,,4.120295623419103e-18
