domain,evaluation_strategy,popularity_notion,algorithm,metric_type,user_group,comparison_group,value,p_value
music,eva_two,pop_one,MostPop,NDCG,low,N/A,0.6395812952322114,
music,eva_two,pop_one,UserKNN,NDCG,low,N/A,0.6460073966027703,
music,eva_two,pop_one,ItemKNN,NDCG,low,N/A,0.6325906096126972,
music,eva_two,pop_one,PMF,NDCG,low,N/A,0.6425875646655879,
music,eva_two,pop_one,NMF,NDCG,low,N/A,0.6361500547971477,
music,eva_two,pop_one,HPF,NDCG,low,N/A,0.6627466871958112,
music,eva_two,pop_one,MostPop,NDCG,med,N/A,0.6234050725637041,
music,eva_two,pop_one,UserKNN,NDCG,med,N/A,0.6164776863442694,
music,eva_two,pop_one,ItemKNN,NDCG,med,N/A,0.6170594159692232,
music,eva_two,pop_one,PMF,NDCG,med,N/A,0.6265736617769089,
music,eva_two,pop_one,NMF,NDCG,med,N/A,0.615406407079429,
music,eva_two,pop_one,HPF,NDCG,med,N/A,0.6396773883749166,
music,eva_two,pop_one,MostPop,NDCG,high,N/A,0.6382037237556429,
music,eva_two,pop_one,UserKNN,NDCG,high,N/A,0.6216893146058377,
music,eva_two,pop_one,ItemKNN,NDCG,high,N/A,0.620503355852058,
music,eva_two,pop_one,PMF,NDCG,high,N/A,0.6257031548118266,
music,eva_two,pop_one,NMF,NDCG,high,N/A,0.6205402440870087,
music,eva_two,pop_one,HPF,NDCG,high,N/A,0.6455150293167004,
music,eva_two,pop_one,MostPop,GAP,low,N/A,191.07895710680629,
music,eva_two,pop_one,UserKNN,GAP,low,N/A,21.32697540977278,
music,eva_two,pop_one,ItemKNN,GAP,low,N/A,-0.2853772973588905,
music,eva_two,pop_one,PMF,GAP,low,N/A,57.172553560411785,
music,eva_two,pop_one,NMF,GAP,low,N/A,14.846776245477988,
music,eva_two,pop_one,HPF,GAP,low,N/A,58.96040613178395,
music,eva_two,pop_one,MostPop,GAP,med,N/A,182.4962513831505,
music,eva_two,pop_one,UserKNN,GAP,med,N/A,35.12900735937033,
music,eva_two,pop_one,ItemKNN,GAP,med,N/A,4.933085629195846,
music,eva_two,pop_one,PMF,GAP,med,N/A,74.02200782735288,
music,eva_two,pop_one,NMF,GAP,med,N/A,20.062912454700367,
music,eva_two,pop_one,HPF,GAP,med,N/A,88.65291100502027,
music,eva_two,pop_one,MostPop,GAP,high,N/A,110.9776531642679,
music,eva_two,pop_one,UserKNN,GAP,high,N/A,31.14042302419002,
music,eva_two,pop_one,ItemKNN,GAP,high,N/A,17.92509471503775,
music,eva_two,pop_one,PMF,GAP,high,N/A,62.3193058024895,
music,eva_two,pop_one,NMF,GAP,high,N/A,27.79173341818593,
music,eva_two,pop_one,HPF,GAP,high,N/A,71.55333068895867,
music,eva_two,pop_one,MostPop,NDCG_TTEST,N/A,low-med,,0.0289321832568187
music,eva_two,pop_one,UserKNN,NDCG_TTEST,N/A,low-med,,3.967065660058491e-05
music,eva_two,pop_one,ItemKNN,NDCG_TTEST,N/A,low-med,,0.0393920195104374
music,eva_two,pop_one,PMF,NDCG_TTEST,N/A,low-med,,0.0307993739184685
music,eva_two,pop_one,NMF,NDCG_TTEST,N/A,low-med,,0.0068051326912168
music,eva_two,pop_one,HPF,NDCG_TTEST,N/A,low-med,,0.0015283929395145
music,eva_two,pop_one,MostPop,NDCG_TTEST,N/A,low-high,,0.8788382720530379
music,eva_two,pop_one,UserKNN,NDCG_TTEST,N/A,low-high,,0.0063582581199792
music,eva_two,pop_one,ItemKNN,NDCG_TTEST,N/A,low-high,,0.1923152044273691
music,eva_two,pop_one,PMF,NDCG_TTEST,N/A,low-high,,0.0624600048881377
music,eva_two,pop_one,NMF,NDCG_TTEST,N/A,low-high,,0.0952650125487582
music,eva_two,pop_one,HPF,NDCG_TTEST,N/A,low-high,,0.0585353414896742
music,eva_two,pop_one,MostPop,NDCG_TTEST,N/A,med-high,,0.0456990698025005
music,eva_two,pop_one,UserKNN,NDCG_TTEST,N/A,med-high,,0.4867841707455663
music,eva_two,pop_one,ItemKNN,NDCG_TTEST,N/A,med-high,,0.6511216027884359
music,eva_two,pop_one,PMF,NDCG_TTEST,N/A,med-high,,0.907155581938067
music,eva_two,pop_one,NMF,NDCG_TTEST,N/A,med-high,,0.4981676433815543
music,eva_two,pop_one,HPF,NDCG_TTEST,N/A,med-high,,0.4344507437694275
music,eva_two,pop_one,MostPop,GAP_TTEST,N/A,low-med,,0.1808171776352238
music,eva_two,pop_one,UserKNN,GAP_TTEST,N/A,low-med,,2.346644961991681e-06
music,eva_two,pop_one,ItemKNN,GAP_TTEST,N/A,low-med,,0.0465723124811111
music,eva_two,pop_one,PMF,GAP_TTEST,N/A,low-med,,1.665583876338917e-05
music,eva_two,pop_one,NMF,GAP_TTEST,N/A,low-med,,0.0564337737238043
music,eva_two,pop_one,HPF,GAP_TTEST,N/A,low-med,,5.6174783753768735e-12
music,eva_two,pop_one,MostPop,GAP_TTEST,N/A,low-high,,3.3354191576944403e-32
music,eva_two,pop_one,UserKNN,GAP_TTEST,N/A,low-high,,0.0015836224741727
music,eva_two,pop_one,ItemKNN,GAP_TTEST,N/A,low-high,,1.9263462881312103e-09
music,eva_two,pop_one,PMF,GAP_TTEST,N/A,low-high,,0.1972671176700121
music,eva_two,pop_one,NMF,GAP_TTEST,N/A,low-high,,1.4154548927882707e-05
music,eva_two,pop_one,HPF,GAP_TTEST,N/A,low-high,,0.0038792474987427
music,eva_two,pop_one,MostPop,GAP_TTEST,N/A,med-high,,1.7579277487142328e-110
music,eva_two,pop_one,UserKNN,GAP_TTEST,N/A,med-high,,0.0488361071453123
music,eva_two,pop_one,ItemKNN,GAP_TTEST,N/A,med-high,,3.2726684967598967e-09
music,eva_two,pop_one,PMF,GAP_TTEST,N/A,med-high,,1.4334166454477522e-06
music,eva_two,pop_one,NMF,GAP_TTEST,N/A,med-high,,0.000140418815708
music,eva_two,pop_one,HPF,GAP_TTEST,N/A,med-high,,4.1559222860523175e-10
music,eva_two,pop_two,MostPop,NDCG,low,N/A,0.6413640304611978,
music,eva_two,pop_two,UserKNN,NDCG,low,N/A,0.6418008760479026,
music,eva_two,pop_two,ItemKNN,NDCG,low,N/A,0.6387764169474098,
music,eva_two,pop_two,PMF,NDCG,low,N/A,0.6363134733459888,
music,eva_two,pop_two,NMF,NDCG,low,N/A,0.6347713875611675,
music,eva_two,pop_two,HPF,NDCG,low,N/A,0.6636644862948361,
music,eva_two,pop_two,MostPop,NDCG,med,N/A,0.6230177096687065,
music,eva_two,pop_two,UserKNN,NDCG,med,N/A,0.6185798243464486,
music,eva_two,pop_two,ItemKNN,NDCG,med,N/A,0.6159993894583996,
music,eva_two,pop_two,PMF,NDCG,med,N/A,0.6286695359554997,
music,eva_two,pop_two,NMF,NDCG,med,N/A,0.6152571745157759,
music,eva_two,pop_two,HPF,NDCG,med,N/A,0.6391001324138135,
music,eva_two,pop_two,MostPop,NDCG,high,N/A,0.6375526554030435,
music,eva_two,pop_two,UserKNN,NDCG,high,N/A,0.6195400478746401,
music,eva_two,pop_two,ItemKNN,NDCG,high,N/A,0.6174580583135791,
music,eva_two,pop_two,PMF,NDCG,high,N/A,0.6256698088515664,
music,eva_two,pop_two,NMF,NDCG,high,N/A,0.6223375297781767,
music,eva_two,pop_two,HPF,NDCG,high,N/A,0.6462912123598902,
music,eva_two,pop_two,MostPop,GAP,low,N/A,205.05662497482223,
music,eva_two,pop_two,UserKNN,GAP,low,N/A,23.311819499004187,
music,eva_two,pop_two,ItemKNN,GAP,low,N/A,-0.9916579042792046,
music,eva_two,pop_two,PMF,GAP,low,N/A,59.699503948202846,
music,eva_two,pop_two,NMF,GAP,low,N/A,11.986242217335134,
music,eva_two,pop_two,HPF,GAP,low,N/A,68.57821583766395,
music,eva_two,pop_two,MostPop,GAP,med,N/A,186.65343786693572,
music,eva_two,pop_two,UserKNN,GAP,med,N/A,36.46366935648956,
music,eva_two,pop_two,ItemKNN,GAP,med,N/A,4.999124931359472,
music,eva_two,pop_two,PMF,GAP,med,N/A,77.41177195834013,
music,eva_two,pop_two,NMF,GAP,med,N/A,21.73808706810306,
music,eva_two,pop_two,HPF,GAP,med,N/A,91.150789058822,
music,eva_two,pop_two,MostPop,GAP,high,N/A,99.8664382376089,
music,eva_two,pop_two,UserKNN,GAP,high,N/A,27.63037933324225,
music,eva_two,pop_two,ItemKNN,GAP,high,N/A,17.522501178253926,
music,eva_two,pop_two,PMF,GAP,high,N/A,54.72365643101866,
music,eva_two,pop_two,NMF,GAP,high,N/A,25.218170630170984,
music,eva_two,pop_two,HPF,GAP,high,N/A,62.94097407805573,
music,eva_two,pop_two,MostPop,NDCG_TTEST,N/A,low-med,,0.0127598932558147
music,eva_two,pop_two,UserKNN,NDCG_TTEST,N/A,low-med,,0.0012369742828696
music,eva_two,pop_two,ItemKNN,NDCG_TTEST,N/A,low-med,,0.0026657248935478
music,eva_two,pop_two,PMF,NDCG_TTEST,N/A,low-med,,0.302436217013761
music,eva_two,pop_two,NMF,NDCG_TTEST,N/A,low-med,,0.0114870490490781
music,eva_two,pop_two,HPF,NDCG_TTEST,N/A,low-med,,0.0008405935905825
music,eva_two,pop_two,MostPop,NDCG_TTEST,N/A,low-high,,0.6749970040124385
music,eva_two,pop_two,UserKNN,NDCG_TTEST,N/A,low-high,,0.011973427652817
music,eva_two,pop_two,ItemKNN,NDCG_TTEST,N/A,low-high,,0.0215116733318162
music,eva_two,pop_two,PMF,NDCG_TTEST,N/A,low-high,,0.2405922684332112
music,eva_two,pop_two,NMF,NDCG_TTEST,N/A,low-high,,0.1837770269828252
music,eva_two,pop_two,HPF,NDCG_TTEST,N/A,low-high,,0.0586895444193876
music,eva_two,pop_two,MostPop,NDCG_TTEST,N/A,med-high,,0.052489116396661
music,eva_two,pop_two,UserKNN,NDCG_TTEST,N/A,med-high,,0.8972928436074901
music,eva_two,pop_two,ItemKNN,NDCG_TTEST,N/A,med-high,,0.8472286645804225
music,eva_two,pop_two,PMF,NDCG_TTEST,N/A,med-high,,0.6881847225712783
music,eva_two,pop_two,NMF,NDCG_TTEST,N/A,med-high,,0.3465332199192463
music,eva_two,pop_two,HPF,NDCG_TTEST,N/A,med-high,,0.3358091840442188
music,eva_two,pop_two,MostPop,GAP_TTEST,N/A,low-med,,0.0061961051656472
music,eva_two,pop_two,UserKNN,GAP_TTEST,N/A,low-med,,5.892815965471577e-06
music,eva_two,pop_two,ItemKNN,GAP_TTEST,N/A,low-med,,0.0157682539986966
music,eva_two,pop_two,PMF,GAP_TTEST,N/A,low-med,,2.837006279757949e-06
music,eva_two,pop_two,NMF,GAP_TTEST,N/A,low-med,,9.99810929219176e-05
music,eva_two,pop_two,HPF,GAP_TTEST,N/A,low-med,,4.806748580926707e-07
music,eva_two,pop_two,MostPop,GAP_TTEST,N/A,low-high,,1.957806901901553e-47
music,eva_two,pop_two,UserKNN,GAP_TTEST,N/A,low-high,,0.1567819391572154
music,eva_two,pop_two,ItemKNN,GAP_TTEST,N/A,low-high,,8.543290236067846e-11
music,eva_two,pop_two,PMF,GAP_TTEST,N/A,low-high,,0.1952589926633717
music,eva_two,pop_two,NMF,GAP_TTEST,N/A,low-high,,1.5203920167755126e-06
music,eva_two,pop_two,HPF,GAP_TTEST,N/A,low-high,,0.2152503788014116
music,eva_two,pop_two,MostPop,GAP_TTEST,N/A,med-high,,1.2581782834796441e-150
music,eva_two,pop_two,UserKNN,GAP_TTEST,N/A,med-high,,7.700656834265344e-06
music,eva_two,pop_two,ItemKNN,GAP_TTEST,N/A,med-high,,1.6255733913287803e-09
music,eva_two,pop_two,PMF,GAP_TTEST,N/A,med-high,,2.463487184407928e-20
music,eva_two,pop_two,NMF,GAP_TTEST,N/A,med-high,,0.0767589433429345
music,eva_two,pop_two,HPF,GAP_TTEST,N/A,med-high,,7.903676979215737e-24
music,eva_two,pop_four,MostPop,NDCG,low,N/A,0.6318733837101421,
music,eva_two,pop_four,UserKNN,NDCG,low,N/A,0.6243883828601736,
music,eva_two,pop_four,ItemKNN,NDCG,low,N/A,0.6134637820040643,
music,eva_two,pop_four,PMF,NDCG,low,N/A,0.6235732401614792,
music,eva_two,pop_four,NMF,NDCG,low,N/A,0.6205302937171842,
music,eva_two,pop_four,HPF,NDCG,low,N/A,0.645607339756801,
music,eva_two,pop_four,MostPop,NDCG,med,N/A,0.6249528784793765,
music,eva_two,pop_four,UserKNN,NDCG,med,N/A,0.6160250083843417,
music,eva_two,pop_four,ItemKNN,NDCG,med,N/A,0.6184835013946106,
music,eva_two,pop_four,PMF,NDCG,med,N/A,0.6275168315504555,
music,eva_two,pop_four,NMF,NDCG,med,N/A,0.6147386631820186,
music,eva_two,pop_four,HPF,NDCG,med,N/A,0.6408564245724475,
music,eva_two,pop_four,MostPop,NDCG,high,N/A,0.6412681654938116,
music,eva_two,pop_four,UserKNN,NDCG,high,N/A,0.6447062993578868,
music,eva_two,pop_four,ItemKNN,NDCG,high,N/A,0.6353780047773074,
music,eva_two,pop_four,PMF,NDCG,high,N/A,0.641911880489671,
music,eva_two,pop_four,NMF,NDCG,high,N/A,0.6381949400039642,
music,eva_two,pop_four,HPF,NDCG,high,N/A,0.6591360711170496,
music,eva_two,pop_four,MostPop,GAP,low,N/A,119.09098060343088,
music,eva_two,pop_four,UserKNN,GAP,low,N/A,32.2129508994394,
music,eva_two,pop_four,ItemKNN,GAP,low,N/A,17.580570324561705,
music,eva_two,pop_four,PMF,GAP,low,N/A,65.128983464387,
music,eva_two,pop_four,NMF,GAP,low,N/A,27.193666077812928,
music,eva_two,pop_four,HPF,GAP,low,N/A,74.35600995716004,
music,eva_two,pop_four,MostPop,GAP,med,N/A,179.35881528815733,
music,eva_two,pop_four,UserKNN,GAP,med,N/A,34.87815383718827,
music,eva_two,pop_four,ItemKNN,GAP,med,N/A,5.151569633619113,
music,eva_two,pop_four,PMF,GAP,med,N/A,72.747622673621,
music,eva_two,pop_four,NMF,GAP,med,N/A,20.70801461554905,
music,eva_two,pop_four,HPF,GAP,med,N/A,87.47024337070731,
music,eva_two,pop_four,MostPop,GAP,high,N/A,180.88442651868505,
music,eva_two,pop_four,UserKNN,GAP,high,N/A,20.92236376391599,
music,eva_two,pop_four,ItemKNN,GAP,high,N/A,1.1185856324203405,
music,eva_two,pop_four,PMF,GAP,high,N/A,57.31949480766597,
music,eva_two,pop_four,NMF,GAP,high,N/A,14.305913100224409,
music,eva_two,pop_four,HPF,GAP,high,N/A,59.15654829335914,
music,eva_two,pop_four,MostPop,NDCG_TTEST,N/A,low-med,,0.3415634850216367
music,eva_two,pop_four,UserKNN,NDCG_TTEST,N/A,low-med,,0.2671406488341666
music,eva_two,pop_four,ItemKNN,NDCG_TTEST,N/A,low-med,,0.4982621945442579
music,eva_two,pop_four,PMF,NDCG_TTEST,N/A,low-med,,0.5962717991723027
music,eva_two,pop_four,NMF,NDCG_TTEST,N/A,low-med,,0.4406947611048291
music,eva_two,pop_four,HPF,NDCG_TTEST,N/A,low-med,,0.5156198900759845
music,eva_two,pop_four,MostPop,NDCG_TTEST,N/A,low-high,,0.2972899825896744
music,eva_two,pop_four,UserKNN,NDCG_TTEST,N/A,low-high,,0.0255105624271519
music,eva_two,pop_four,ItemKNN,NDCG_TTEST,N/A,low-high,,0.0159481456086227
music,eva_two,pop_four,PMF,NDCG_TTEST,N/A,low-high,,0.0435456153502987
music,eva_two,pop_four,NMF,NDCG_TTEST,N/A,low-high,,0.0561332114239364
music,eva_two,pop_four,HPF,NDCG_TTEST,N/A,low-high,,0.1316026114637255
music,eva_two,pop_four,MostPop,NDCG_TTEST,N/A,med-high,,0.0297401757952856
music,eva_two,pop_four,UserKNN,NDCG_TTEST,N/A,med-high,,9.042956730616618e-05
music,eva_two,pop_four,ItemKNN,NDCG_TTEST,N/A,med-high,,0.025529887271653
music,eva_two,pop_four,PMF,NDCG_TTEST,N/A,med-high,,0.0534835673235666
music,eva_two,pop_four,NMF,NDCG_TTEST,N/A,med-high,,0.0021079106689695
music,eva_two,pop_four,HPF,NDCG_TTEST,N/A,med-high,,0.0123862267615072
music,eva_two,pop_four,MostPop,GAP_TTEST,N/A,low-med,,1.9253150608631985e-73
music,eva_two,pop_four,UserKNN,GAP_TTEST,N/A,low-med,,0.222632879475551
music,eva_two,pop_four,ItemKNN,GAP_TTEST,N/A,low-med,,1.2759121382209426e-07
music,eva_two,pop_four,PMF,GAP_TTEST,N/A,low-med,,0.0032554984089224
music,eva_two,pop_four,NMF,GAP_TTEST,N/A,low-med,,0.0035071454515724
music,eva_two,pop_four,HPF,GAP_TTEST,N/A,low-med,,8.295843974206185e-06
music,eva_two,pop_four,MostPop,GAP_TTEST,N/A,low-high,,3.2178135199673483e-22
music,eva_two,pop_four,UserKNN,GAP_TTEST,N/A,low-high,,0.0004604649270076
music,eva_two,pop_four,ItemKNN,GAP_TTEST,N/A,low-high,,1.8343048122782292e-07
music,eva_two,pop_four,PMF,GAP_TTEST,N/A,low-high,,0.0576719275856067
music,eva_two,pop_four,NMF,GAP_TTEST,N/A,low-high,,4.703470525969708e-05
music,eva_two,pop_four,HPF,GAP_TTEST,N/A,low-high,,0.0004627135339208
music,eva_two,pop_four,MostPop,GAP_TTEST,N/A,med-high,,0.8011458267466605
music,eva_two,pop_four,UserKNN,GAP_TTEST,N/A,med-high,,2.664514767401456e-06
music,eva_two,pop_four,ItemKNN,GAP_TTEST,N/A,med-high,,0.1345369812383447
music,eva_two,pop_four,PMF,GAP_TTEST,N/A,med-high,,0.0001008187863521
music,eva_two,pop_four,NMF,GAP_TTEST,N/A,med-high,,0.0240788645340983
music,eva_two,pop_four,HPF,GAP_TTEST,N/A,med-high,,1.35222859334216e-11
music,eva_three,pop_one,MostPop,NDCG,low,N/A,0.1374564848908659,
music,eva_three,pop_one,UserKNN,NDCG,low,N/A,0.0093214797973349,
music,eva_three,pop_one,ItemKNN,NDCG,low,N/A,0.0255530814298588,
music,eva_three,pop_one,PMF,NDCG,low,N/A,0.0141431203780124,
music,eva_three,pop_one,NMF,NDCG,low,N/A,0.019936071057852,
music,eva_three,pop_one,HPF,NDCG,low,N/A,0.3670819432512073,
music,eva_three,pop_one,MostPop,NDCG,med,N/A,0.3339944135216912,
music,eva_three,pop_one,UserKNN,NDCG,med,N/A,0.0159470198184469,
music,eva_three,pop_one,ItemKNN,NDCG,med,N/A,0.0249531094818349,
music,eva_three,pop_one,PMF,NDCG,med,N/A,0.0164249524826079,
music,eva_three,pop_one,NMF,NDCG,med,N/A,0.0142216333989698,
music,eva_three,pop_one,HPF,NDCG,med,N/A,0.4453048563680392,
music,eva_three,pop_one,MostPop,NDCG,high,N/A,0.3863379042023414,
music,eva_three,pop_one,UserKNN,NDCG,high,N/A,0.0024438792923783,
music,eva_three,pop_one,ItemKNN,NDCG,high,N/A,0.0313335700162619,
music,eva_three,pop_one,PMF,NDCG,high,N/A,0.005028896341049,
music,eva_three,pop_one,NMF,NDCG,high,N/A,0.0010515495892857,
music,eva_three,pop_one,HPF,NDCG,high,N/A,0.45542539541262,
music,eva_three,pop_one,MostPop,GAP,low,N/A,703.8021015348986,
music,eva_three,pop_one,UserKNN,GAP,low,N/A,-71.09941320190558,
music,eva_three,pop_one,ItemKNN,GAP,low,N/A,-53.24240066514538,
music,eva_three,pop_one,PMF,GAP,low,N/A,-70.08850901649221,
music,eva_three,pop_one,NMF,GAP,low,N/A,-76.39735572628994,
music,eva_three,pop_one,HPF,GAP,low,N/A,113.22957450647746,
music,eva_three,pop_one,MostPop,GAP,med,N/A,369.1587637808017,
music,eva_three,pop_one,UserKNN,GAP,med,N/A,-83.40495117155501,
music,eva_three,pop_one,ItemKNN,GAP,med,N/A,-67.04338199408518,
music,eva_three,pop_one,PMF,GAP,med,N/A,-81.75758486930995,
music,eva_three,pop_one,NMF,GAP,med,N/A,-85.81003863344475,
music,eva_three,pop_one,HPF,GAP,med,N/A,98.84720047112388,
music,eva_three,pop_one,MostPop,GAP,high,N/A,224.149192000238,
music,eva_three,pop_one,UserKNN,GAP,high,N/A,-88.10221973337002,
music,eva_three,pop_one,ItemKNN,GAP,high,N/A,-76.90478092963784,
music,eva_three,pop_one,PMF,GAP,high,N/A,-87.15201507193035,
music,eva_three,pop_one,NMF,GAP,high,N/A,-90.12785871218952,
music,eva_three,pop_one,HPF,GAP,high,N/A,82.41256160593295,
music,eva_three,pop_one,MostPop,NDCG_TTEST,N/A,low-med,,2.9783929926872088e-55
music,eva_three,pop_one,UserKNN,NDCG_TTEST,N/A,low-med,,0.0679896956123753
music,eva_three,pop_one,ItemKNN,NDCG_TTEST,N/A,low-med,,0.9147404677925682
music,eva_three,pop_one,PMF,NDCG_TTEST,N/A,low-med,,0.5590762665079627
music,eva_three,pop_one,NMF,NDCG_TTEST,N/A,low-med,,0.2289448991877208
music,eva_three,pop_one,HPF,NDCG_TTEST,N/A,low-med,,3.508998060564496e-09
music,eva_three,pop_one,MostPop,NDCG_TTEST,N/A,low-high,,3.9718053086521473e-56
music,eva_three,pop_one,UserKNN,NDCG_TTEST,N/A,low-high,,0.0287675158976754
music,eva_three,pop_one,ItemKNN,NDCG_TTEST,N/A,low-high,,0.4116170218579643
music,eva_three,pop_one,PMF,NDCG_TTEST,N/A,low-high,,0.0185743893618573
music,eva_three,pop_one,NMF,NDCG_TTEST,N/A,low-high,,1.9668288096408517e-05
music,eva_three,pop_one,HPF,NDCG_TTEST,N/A,low-high,,8.348399754420272e-09
music,eva_three,pop_one,MostPop,NDCG_TTEST,N/A,med-high,,5.623662656133165e-05
music,eva_three,pop_one,UserKNN,NDCG_TTEST,N/A,med-high,,8.52309467748573e-08
music,eva_three,pop_one,ItemKNN,NDCG_TTEST,N/A,med-high,,0.2648597254315742
music,eva_three,pop_one,PMF,NDCG_TTEST,N/A,med-high,,0.0005150737756439
music,eva_three,pop_one,NMF,NDCG_TTEST,N/A,med-high,,1.87952917509811e-08
music,eva_three,pop_one,HPF,NDCG_TTEST,N/A,med-high,,0.3832417127194688
music,eva_three,pop_one,MostPop,GAP_TTEST,N/A,low-med,,0.0
music,eva_three,pop_one,UserKNN,GAP_TTEST,N/A,low-med,,2.6761870489734365e-39
music,eva_three,pop_one,ItemKNN,GAP_TTEST,N/A,low-med,,7.405137103612978e-08
music,eva_three,pop_one,PMF,GAP_TTEST,N/A,low-med,,0.0
music,eva_three,pop_one,NMF,GAP_TTEST,N/A,low-med,,5.484350221884732e-177
music,eva_three,pop_one,HPF,GAP_TTEST,N/A,low-med,,0.0041621350376574
music,eva_three,pop_one,MostPop,GAP_TTEST,N/A,low-high,,0.0
music,eva_three,pop_one,UserKNN,GAP_TTEST,N/A,low-high,,4.3537399916669675e-66
music,eva_three,pop_one,ItemKNN,GAP_TTEST,N/A,low-high,,9.918393928680699e-19
music,eva_three,pop_one,PMF,GAP_TTEST,N/A,low-high,,0.0
music,eva_three,pop_one,NMF,GAP_TTEST,N/A,low-high,,5.548706204185327e-270
music,eva_three,pop_one,HPF,GAP_TTEST,N/A,low-high,,4.253635548636741e-09
music,eva_three,pop_one,MostPop,GAP_TTEST,N/A,med-high,,0.0
music,eva_three,pop_one,UserKNN,GAP_TTEST,N/A,med-high,,5.1474127211394675e-40
music,eva_three,pop_one,ItemKNN,GAP_TTEST,N/A,med-high,,5.239030346578349e-10
music,eva_three,pop_one,PMF,GAP_TTEST,N/A,med-high,,0.0
music,eva_three,pop_one,NMF,GAP_TTEST,N/A,med-high,,1.5520597782091706e-199
music,eva_three,pop_one,HPF,GAP_TTEST,N/A,med-high,,8.784643646021498e-07
music,eva_three,pop_two,MostPop,NDCG,low,N/A,0.138079214276322,
music,eva_three,pop_two,UserKNN,NDCG,low,N/A,0.0148670968345386,
music,eva_three,pop_two,ItemKNN,NDCG,low,N/A,0.0262816065561657,
music,eva_three,pop_two,PMF,NDCG,low,N/A,0.0126997146413756,
music,eva_three,pop_two,NMF,NDCG,low,N/A,0.0164271641132819,
music,eva_three,pop_two,HPF,NDCG,low,N/A,0.3836302613847152,
music,eva_three,pop_two,MostPop,NDCG,med,N/A,0.3307853938779372,
music,eva_three,pop_two,UserKNN,NDCG,med,N/A,0.0128405122921943,
music,eva_three,pop_two,ItemKNN,NDCG,med,N/A,0.0249191803547837,
music,eva_three,pop_two,PMF,NDCG,med,N/A,0.0159555681872189,
music,eva_three,pop_two,NMF,NDCG,med,N/A,0.0157417855769218,
music,eva_three,pop_two,HPF,NDCG,med,N/A,0.4447273437825144,
music,eva_three,pop_two,MostPop,NDCG,high,N/A,0.3953422337481472,
music,eva_three,pop_two,UserKNN,NDCG,high,N/A,0.0062177848339321,
music,eva_three,pop_two,ItemKNN,NDCG,high,N/A,0.0307068322711087,
music,eva_three,pop_two,PMF,NDCG,high,N/A,0.0078804549638525,
music,eva_three,pop_two,NMF,NDCG,high,N/A,0.0,
music,eva_three,pop_two,HPF,NDCG,high,N/A,0.4406096150356864,
music,eva_three,pop_two,MostPop,GAP,low,N/A,733.9091021003977,
music,eva_three,pop_two,UserKNN,GAP,low,N/A,-69.25329999891164,
music,eva_three,pop_two,ItemKNN,GAP,low,N/A,-51.4239391135591,
music,eva_three,pop_two,PMF,GAP,low,N/A,-68.98986519985993,
music,eva_three,pop_two,NMF,GAP,low,N/A,-75.43398004084546,
music,eva_three,pop_two,HPF,GAP,low,N/A,125.56197582850086,
music,eva_three,pop_two,MostPop,GAP,med,N/A,373.8433585798557,
music,eva_three,pop_two,UserKNN,GAP,med,N/A,-83.38656051817094,
music,eva_three,pop_two,ItemKNN,GAP,med,N/A,-67.6091430295603,
music,eva_three,pop_two,PMF,GAP,med,N/A,-81.55252400877782,
music,eva_three,pop_two,NMF,GAP,med,N/A,-85.64411165880502,
music,eva_three,pop_two,HPF,GAP,med,N/A,101.35403157764948,
music,eva_three,pop_two,MostPop,GAP,high,N/A,213.0371630133205,
music,eva_three,pop_two,UserKNN,GAP,high,N/A,-88.51918903707111,
music,eva_three,pop_two,ItemKNN,GAP,high,N/A,-75.9328302816049,
music,eva_three,pop_two,PMF,GAP,high,N/A,-87.62986435513913,
music,eva_three,pop_two,NMF,GAP,high,N/A,-90.5461371098852,
music,eva_three,pop_two,HPF,GAP,high,N/A,73.32619503933887,
music,eva_three,pop_two,MostPop,NDCG_TTEST,N/A,low-med,,1.5868174854907476e-51
music,eva_three,pop_two,UserKNN,NDCG_TTEST,N/A,low-med,,0.6381785341074118
music,eva_three,pop_two,ItemKNN,NDCG_TTEST,N/A,low-med,,0.8097220397198842
music,eva_three,pop_two,PMF,NDCG_TTEST,N/A,low-med,,0.3812031580120842
music,eva_three,pop_two,NMF,NDCG_TTEST,N/A,low-med,,0.8742514921984504
music,eva_three,pop_two,HPF,NDCG_TTEST,N/A,low-med,,4.5180655246118e-06
music,eva_three,pop_two,MostPop,NDCG_TTEST,N/A,low-high,,3.448823896913824e-59
music,eva_three,pop_two,UserKNN,NDCG_TTEST,N/A,low-high,,0.0490154814427361
music,eva_three,pop_two,ItemKNN,NDCG_TTEST,N/A,low-high,,0.524221784978188
music,eva_three,pop_two,PMF,NDCG_TTEST,N/A,low-high,,0.2722989240871695
music,eva_three,pop_two,NMF,NDCG_TTEST,N/A,low-high,,1.1562795355803882e-05
music,eva_three,pop_two,HPF,NDCG_TTEST,N/A,low-high,,0.0002831115589862
music,eva_three,pop_two,MostPop,NDCG_TTEST,N/A,med-high,,4.981970084538646e-07
music,eva_three,pop_two,UserKNN,NDCG_TTEST,N/A,med-high,,0.02136611520881
music,eva_three,pop_two,ItemKNN,NDCG_TTEST,N/A,med-high,,0.2996626000068685
music,eva_three,pop_two,PMF,NDCG_TTEST,N/A,med-high,,0.0406789240054592
music,eva_three,pop_two,NMF,NDCG_TTEST,N/A,med-high,,2.1451361135654495e-12
music,eva_three,pop_two,HPF,NDCG_TTEST,N/A,med-high,,0.7302003180411737
music,eva_three,pop_two,MostPop,GAP_TTEST,N/A,low-med,,0.0
music,eva_three,pop_two,UserKNN,GAP_TTEST,N/A,low-med,,4.810303833304464e-41
music,eva_three,pop_two,ItemKNN,GAP_TTEST,N/A,low-med,,2.432947478813973e-09
music,eva_three,pop_two,PMF,GAP_TTEST,N/A,low-med,,0.0
music,eva_three,pop_two,NMF,GAP_TTEST,N/A,low-med,,2.8485057270838663e-185
music,eva_three,pop_two,HPF,GAP_TTEST,N/A,low-med,,1.3934761474631587e-06
music,eva_three,pop_two,MostPop,GAP_TTEST,N/A,low-high,,0.0
music,eva_three,pop_two,UserKNN,GAP_TTEST,N/A,low-high,,1.9768037204803188e-67
music,eva_three,pop_two,ItemKNN,GAP_TTEST,N/A,low-high,,7.035909114553398e-18
music,eva_three,pop_two,PMF,GAP_TTEST,N/A,low-high,,0.0
music,eva_three,pop_two,NMF,GAP_TTEST,N/A,low-high,,3.5604796273629983e-280
music,eva_three,pop_two,HPF,GAP_TTEST,N/A,low-high,,1.5572037619625834e-22
music,eva_three,pop_two,MostPop,GAP_TTEST,N/A,med-high,,0.0
music,eva_three,pop_two,UserKNN,GAP_TTEST,N/A,med-high,,3.754973474500887e-51
music,eva_three,pop_two,ItemKNN,GAP_TTEST,N/A,med-high,,2.1914164108942147e-07
music,eva_three,pop_two,PMF,GAP_TTEST,N/A,med-high,,0.0
music,eva_three,pop_two,NMF,GAP_TTEST,N/A,med-high,,9.767178971836687e-272
music,eva_three,pop_two,HPF,GAP_TTEST,N/A,med-high,,5.028011078134194e-16
music,eva_three,pop_four,MostPop,NDCG,low,N/A,0.3831081539227984,
music,eva_three,pop_four,UserKNN,NDCG,low,N/A,0.0048545370096403,
music,eva_three,pop_four,ItemKNN,NDCG,low,N/A,0.0315809620632333,
music,eva_three,pop_four,PMF,NDCG,low,N/A,0.0073545370096403,
music,eva_three,pop_four,NMF,NDCG,low,N/A,0.0040773243839286,
music,eva_three,pop_four,HPF,NDCG,low,N/A,0.4646144972403124,
music,eva_three,pop_four,MostPop,NDCG,med,N/A,0.3279463286701653,
music,eva_three,pop_four,UserKNN,NDCG,med,N/A,0.0147773447953577,
music,eva_three,pop_four,ItemKNN,NDCG,med,N/A,0.0260899470981044,
music,eva_three,pop_four,PMF,NDCG,med,N/A,0.0148601361156464,
music,eva_three,pop_four,NMF,NDCG,med,N/A,0.0150795603473118,
music,eva_three,pop_four,HPF,NDCG,med,N/A,0.4469657690958314,
music,eva_three,pop_four,MostPop,NDCG,high,N/A,0.1588304897249865,
music,eva_three,pop_four,UserKNN,NDCG,high,N/A,0.0104198471493404,
music,eva_three,pop_four,ItemKNN,NDCG,high,N/A,0.0218951765340788,
music,eva_three,pop_four,PMF,NDCG,high,N/A,0.0165119288103057,
music,eva_three,pop_four,NMF,NDCG,high,N/A,0.0143365154181834,
music,eva_three,pop_four,HPF,NDCG,high,N/A,0.3529101032401382,
music,eva_three,pop_four,MostPop,GAP,low,N/A,239.6492613755272,
music,eva_three,pop_four,UserKNN,GAP,low,N/A,-87.50820384234922,
music,eva_three,pop_four,ItemKNN,GAP,low,N/A,-76.92426451560522,
music,eva_three,pop_four,PMF,GAP,low,N/A,-86.53668750688897,
music,eva_three,pop_four,NMF,GAP,low,N/A,-89.66983609827285,
music,eva_three,pop_four,HPF,GAP,low,N/A,86.80759352257296,
music,eva_three,pop_four,MostPop,GAP,med,N/A,367.0863939132186,
music,eva_three,pop_four,UserKNN,GAP,med,N/A,-83.34947068481551,
music,eva_three,pop_four,ItemKNN,GAP,med,N/A,-67.72564354522561,
music,eva_three,pop_four,PMF,GAP,med,N/A,-81.85564066777454,
music,eva_three,pop_four,NMF,GAP,med,N/A,-85.85851505722361,
music,eva_three,pop_four,HPF,GAP,med,N/A,98.23258568275668,
music,eva_three,pop_four,MostPop,GAP,high,N/A,641.112969846098,
music,eva_three,pop_four,UserKNN,GAP,high,N/A,-73.99231888793105,
music,eva_three,pop_four,ItemKNN,GAP,high,N/A,-52.12788741938662,
music,eva_three,pop_four,PMF,GAP,high,N/A,-72.34490826018155,
music,eva_three,pop_four,NMF,GAP,high,N/A,-78.27467305709908,
music,eva_three,pop_four,HPF,GAP,high,N/A,104.21795411592332,
music,eva_three,pop_four,MostPop,NDCG_TTEST,N/A,low-med,,2.085816994986937e-05
music,eva_three,pop_four,UserKNN,NDCG_TTEST,N/A,low-med,,0.0005870543716912
music,eva_three,pop_four,ItemKNN,NDCG_TTEST,N/A,low-med,,0.3544965172521286
music,eva_three,pop_four,PMF,NDCG_TTEST,N/A,low-med,,0.042715709638264
music,eva_three,pop_four,NMF,NDCG_TTEST,N/A,low-med,,0.0004254844559018
music,eva_three,pop_four,HPF,NDCG_TTEST,N/A,low-med,,0.1284991265452852
music,eva_three,pop_four,MostPop,NDCG_TTEST,N/A,low-high,,2.2665266944662345e-44
music,eva_three,pop_four,UserKNN,NDCG_TTEST,N/A,low-high,,0.0865944819842609
music,eva_three,pop_four,ItemKNN,NDCG_TTEST,N/A,low-high,,0.1631238846225717
music,eva_three,pop_four,PMF,NDCG_TTEST,N/A,low-high,,0.0502837768966674
music,eva_three,pop_four,NMF,NDCG_TTEST,N/A,low-high,,0.0074500690919272
music,eva_three,pop_four,HPF,NDCG_TTEST,N/A,low-high,,1.457791873996724e-12
music,eva_three,pop_four,MostPop,NDCG_TTEST,N/A,med-high,,1.1475512491206197e-38
music,eva_three,pop_four,UserKNN,NDCG_TTEST,N/A,med-high,,0.2031993243839222
music,eva_three,pop_four,ItemKNN,NDCG_TTEST,N/A,med-high,,0.4272697327450611
music,eva_three,pop_four,PMF,NDCG_TTEST,N/A,med-high,,0.694401850521061
music,eva_three,pop_four,NMF,NDCG_TTEST,N/A,med-high,,0.8462851878432078
music,eva_three,pop_four,HPF,NDCG_TTEST,N/A,med-high,,4.872059648667137e-12
music,eva_three,pop_four,MostPop,GAP_TTEST,N/A,low-med,,0.0
music,eva_three,pop_four,UserKNN,GAP_TTEST,N/A,low-med,,1.2658156421375306e-29
music,eva_three,pop_four,ItemKNN,GAP_TTEST,N/A,low-med,,7.886078317581779e-09
music,eva_three,pop_four,PMF,GAP_TTEST,N/A,low-med,,0.0
music,eva_three,pop_four,NMF,GAP_TTEST,N/A,low-med,,5.804101399765635e-159
music,eva_three,pop_four,HPF,GAP_TTEST,N/A,low-med,,0.0011821612495726
music,eva_three,pop_four,MostPop,GAP_TTEST,N/A,low-high,,0.0
music,eva_three,pop_four,UserKNN,GAP_TTEST,N/A,low-high,,7.979531516656181e-56
music,eva_three,pop_four,ItemKNN,GAP_TTEST,N/A,low-high,,6.210583852115695e-19
music,eva_three,pop_four,PMF,GAP_TTEST,N/A,low-high,,0.0
music,eva_three,pop_four,NMF,GAP_TTEST,N/A,low-high,,1.063784312487381e-253
music,eva_three,pop_four,HPF,GAP_TTEST,N/A,low-high,,0.0010231959022554
music,eva_three,pop_four,MostPop,GAP_TTEST,N/A,med-high,,0.0
music,eva_three,pop_four,UserKNN,GAP_TTEST,N/A,med-high,,1.1514642338246314e-30
music,eva_three,pop_four,ItemKNN,GAP_TTEST,N/A,med-high,,4.309546355045845e-09
music,eva_three,pop_four,PMF,GAP_TTEST,N/A,med-high,,0.0
music,eva_three,pop_four,NMF,GAP_TTEST,N/A,med-high,,6.330096396493855e-157
music,eva_three,pop_four,HPF,GAP_TTEST,N/A,med-high,,0.2276289887103537
movies,eva_two,pop_one,MostPop,NDCG,low,N/A,0.9295900735370328,
movies,eva_two,pop_one,UserKNN,NDCG,low,N/A,0.9369658318697016,
movies,eva_two,pop_one,ItemKNN,NDCG,low,N/A,0.9372068291178968,
movies,eva_two,pop_one,PMF,NDCG,low,N/A,0.9442321836324676,
movies,eva_two,pop_one,NMF,NDCG,low,N/A,0.9362922321165624,
movies,eva_two,pop_one,HPF,NDCG,low,N/A,0.932346386864481,
movies,eva_two,pop_one,MostPop,NDCG,med,N/A,0.935540498646872,
movies,eva_two,pop_one,UserKNN,NDCG,med,N/A,0.9413677311373504,
movies,eva_two,pop_one,ItemKNN,NDCG,med,N/A,0.9409597454114536,
movies,eva_two,pop_one,PMF,NDCG,med,N/A,0.9468748338944848,
movies,eva_two,pop_one,NMF,NDCG,med,N/A,0.9411074884182578,
movies,eva_two,pop_one,HPF,NDCG,med,N/A,0.9379480127059534,
movies,eva_two,pop_one,MostPop,NDCG,high,N/A,0.937075060468538,
movies,eva_two,pop_one,UserKNN,NDCG,high,N/A,0.9418807998523157,
movies,eva_two,pop_one,ItemKNN,NDCG,high,N/A,0.9399947987084528,
movies,eva_two,pop_one,PMF,NDCG,high,N/A,0.94448140022439,
movies,eva_two,pop_one,NMF,NDCG,high,N/A,0.9428610184254674,
movies,eva_two,pop_one,HPF,NDCG,high,N/A,0.9369407991352297,
movies,eva_two,pop_one,MostPop,GAP,low,N/A,112.86913134011836,
movies,eva_two,pop_one,UserKNN,GAP,low,N/A,44.41602974442792,
movies,eva_two,pop_one,ItemKNN,GAP,low,N/A,55.29434022113205,
movies,eva_two,pop_one,PMF,GAP,low,N/A,44.95396901119531,
movies,eva_two,pop_one,NMF,GAP,low,N/A,50.79108460342256,
movies,eva_two,pop_one,HPF,GAP,low,N/A,59.63492998829063,
movies,eva_two,pop_one,MostPop,GAP,med,N/A,58.88813250447967,
movies,eva_two,pop_one,UserKNN,GAP,med,N/A,25.92558192366129,
movies,eva_two,pop_one,ItemKNN,GAP,med,N/A,22.63320402078255,
movies,eva_two,pop_one,PMF,GAP,med,N/A,26.03760901874604,
movies,eva_two,pop_one,NMF,GAP,med,N/A,28.807216142276182,
movies,eva_two,pop_one,HPF,GAP,med,N/A,41.37904116659611,
movies,eva_two,pop_one,MostPop,GAP,high,N/A,21.590086238513425,
movies,eva_two,pop_one,UserKNN,GAP,high,N/A,10.321859992991188,
movies,eva_two,pop_one,ItemKNN,GAP,high,N/A,7.245164625984988,
movies,eva_two,pop_one,PMF,GAP,high,N/A,11.052056962521162,
movies,eva_two,pop_one,NMF,GAP,high,N/A,11.841839718669425,
movies,eva_two,pop_one,HPF,GAP,high,N/A,16.821350368809124,
movies,eva_two,pop_one,MostPop,NDCG_TTEST,N/A,low-med,,0.0004688285945141
movies,eva_two,pop_one,UserKNN,NDCG_TTEST,N/A,low-med,,0.0090429153767568
movies,eva_two,pop_one,ItemKNN,NDCG_TTEST,N/A,low-med,,0.0283066148338225
movies,eva_two,pop_one,PMF,NDCG_TTEST,N/A,low-med,,0.1039089216357961
movies,eva_two,pop_one,NMF,NDCG_TTEST,N/A,low-med,,0.0052920270046763
movies,eva_two,pop_one,HPF,NDCG_TTEST,N/A,low-med,,0.0009644321021702
movies,eva_two,pop_one,MostPop,NDCG_TTEST,N/A,low-high,,0.0002729376023636
movies,eva_two,pop_one,UserKNN,NDCG_TTEST,N/A,low-high,,0.0152562627151329
movies,eva_two,pop_one,ItemKNN,NDCG_TTEST,N/A,low-high,,0.172932528141832
movies,eva_two,pop_one,PMF,NDCG_TTEST,N/A,low-high,,0.8994600302614209
movies,eva_two,pop_one,NMF,NDCG_TTEST,N/A,low-high,,0.0014218750745362
movies,eva_two,pop_one,HPF,NDCG_TTEST,N/A,low-high,,0.0279904523971106
movies,eva_two,pop_one,MostPop,NDCG_TTEST,N/A,med-high,,0.3379506947185223
movies,eva_two,pop_one,UserKNN,NDCG_TTEST,N/A,med-high,,0.7434012749283742
movies,eva_two,pop_one,ItemKNN,NDCG_TTEST,N/A,med-high,,0.5407002016372129
movies,eva_two,pop_one,PMF,NDCG_TTEST,N/A,med-high,,0.1214676244263148
movies,eva_two,pop_one,NMF,NDCG_TTEST,N/A,med-high,,0.2653191676875061
movies,eva_two,pop_one,HPF,NDCG_TTEST,N/A,med-high,,0.5442316323618133
movies,eva_two,pop_one,MostPop,GAP_TTEST,N/A,low-med,,1.1346112865754286e-70
movies,eva_two,pop_one,UserKNN,GAP_TTEST,N/A,low-med,,1.4259905584442329e-27
movies,eva_two,pop_one,ItemKNN,GAP_TTEST,N/A,low-med,,4.3984201168931404e-54
movies,eva_two,pop_one,PMF,GAP_TTEST,N/A,low-med,,1.1109377849321893e-23
movies,eva_two,pop_one,NMF,GAP_TTEST,N/A,low-med,,1.4393358275442356e-33
movies,eva_two,pop_one,HPF,GAP_TTEST,N/A,low-med,,3.561727419394514e-20
movies,eva_two,pop_one,MostPop,GAP_TTEST,N/A,low-high,,1.0313730481169109e-167
movies,eva_two,pop_one,UserKNN,GAP_TTEST,N/A,low-high,,6.762552930903465e-78
movies,eva_two,pop_one,ItemKNN,GAP_TTEST,N/A,low-high,,3.982696484963444e-102
movies,eva_two,pop_one,PMF,GAP_TTEST,N/A,low-high,,1.5197973981593204e-64
movies,eva_two,pop_one,NMF,GAP_TTEST,N/A,low-high,,2.674157774026784e-88
movies,eva_two,pop_one,HPF,GAP_TTEST,N/A,low-high,,1.1303731657383481e-89
movies,eva_two,pop_one,MostPop,GAP_TTEST,N/A,med-high,,1.1296217328513468e-175
movies,eva_two,pop_one,UserKNN,GAP_TTEST,N/A,med-high,,2.300586853770013e-58
movies,eva_two,pop_one,ItemKNN,GAP_TTEST,N/A,med-high,,6.782075063495877e-55
movies,eva_two,pop_one,PMF,GAP_TTEST,N/A,med-high,,5.9238513175682894e-49
movies,eva_two,pop_one,NMF,GAP_TTEST,N/A,med-high,,1.4832785990878768e-63
movies,eva_two,pop_one,HPF,GAP_TTEST,N/A,med-high,,2.0542029976975848e-104
movies,eva_two,pop_two,MostPop,NDCG,low,N/A,0.9303706094724056,
movies,eva_two,pop_two,UserKNN,NDCG,low,N/A,0.9385943291497028,
movies,eva_two,pop_two,ItemKNN,NDCG,low,N/A,0.9391459241955988,
movies,eva_two,pop_two,PMF,NDCG,low,N/A,0.9458948241590652,
movies,eva_two,pop_two,NMF,NDCG,low,N/A,0.9372859465208292,
movies,eva_two,pop_two,HPF,NDCG,low,N/A,0.9332767227983296,
movies,eva_two,pop_two,MostPop,NDCG,med,N/A,0.9351053107138928,
movies,eva_two,pop_two,UserKNN,NDCG,med,N/A,0.9408861235032429,
movies,eva_two,pop_two,ItemKNN,NDCG,med,N/A,0.9405542896707264,
movies,eva_two,pop_two,PMF,NDCG,med,N/A,0.9460918405037082,
movies,eva_two,pop_two,NMF,NDCG,med,N/A,0.9408798419506802,
movies,eva_two,pop_two,HPF,NDCG,med,N/A,0.9369767081046144,
movies,eva_two,pop_two,MostPop,NDCG,high,N/A,0.9376090523038764,
movies,eva_two,pop_two,UserKNN,NDCG,high,N/A,0.941697794802156,
movies,eva_two,pop_two,ItemKNN,NDCG,high,N/A,0.9392658617914396,
movies,eva_two,pop_two,PMF,NDCG,high,N/A,0.9451627380182837,
movies,eva_two,pop_two,NMF,NDCG,high,N/A,0.9425553136904656,
movies,eva_two,pop_two,HPF,NDCG,high,N/A,0.9389316285428538,
movies,eva_two,pop_two,MostPop,GAP,low,N/A,127.20658663345338,
movies,eva_two,pop_two,UserKNN,GAP,low,N/A,50.227036745087936,
movies,eva_two,pop_two,ItemKNN,GAP,low,N/A,63.76214047071843,
movies,eva_two,pop_two,PMF,GAP,low,N/A,52.491420217295214,
movies,eva_two,pop_two,NMF,GAP,low,N/A,57.18360458593388,
movies,eva_two,pop_two,HPF,GAP,low,N/A,69.25091492094867,
movies,eva_two,pop_two,MostPop,GAP,med,N/A,59.4655543001554,
movies,eva_two,pop_two,UserKNN,GAP,med,N/A,26.151126348962663,
movies,eva_two,pop_two,ItemKNN,GAP,med,N/A,21.98835726230925,
movies,eva_two,pop_two,PMF,GAP,med,N/A,26.04572366550679,
movies,eva_two,pop_two,NMF,GAP,med,N/A,29.229656664206,
movies,eva_two,pop_two,HPF,GAP,med,N/A,41.838109891270136,
movies,eva_two,pop_two,MostPop,GAP,high,N/A,15.406459647711564,
movies,eva_two,pop_two,UserKNN,GAP,high,N/A,7.790683679000771,
movies,eva_two,pop_two,ItemKNN,GAP,high,N/A,5.448109144046682,
movies,eva_two,pop_two,PMF,GAP,high,N/A,8.128683006014919,
movies,eva_two,pop_two,NMF,GAP,high,N/A,8.699026070195734,
movies,eva_two,pop_two,HPF,GAP,high,N/A,12.277707194760474,
movies,eva_two,pop_two,MostPop,NDCG_TTEST,N/A,low-med,,0.0049413871548298
movies,eva_two,pop_two,UserKNN,NDCG_TTEST,N/A,low-med,,0.1627499027963148
movies,eva_two,pop_two,ItemKNN,NDCG_TTEST,N/A,low-med,,0.3965054268737099
movies,eva_two,pop_two,PMF,NDCG_TTEST,N/A,low-med,,0.9020277853847708
movies,eva_two,pop_two,NMF,NDCG_TTEST,N/A,low-med,,0.0342371126576139
movies,eva_two,pop_two,HPF,NDCG_TTEST,N/A,low-med,,0.026556662431766
movies,eva_two,pop_two,MostPop,NDCG_TTEST,N/A,low-high,,0.0005264984508598
movies,eva_two,pop_two,UserKNN,NDCG_TTEST,N/A,low-high,,0.124863143172564
movies,eva_two,pop_two,ItemKNN,NDCG_TTEST,N/A,low-high,,0.9535592713808724
movies,eva_two,pop_two,PMF,NDCG_TTEST,N/A,low-high,,0.7125005467538861
movies,eva_two,pop_two,NMF,NDCG_TTEST,N/A,low-high,,0.0103864358659191
movies,eva_two,pop_two,HPF,NDCG_TTEST,N/A,low-high,,0.0064465621600449
movies,eva_two,pop_two,MostPop,NDCG_TTEST,N/A,med-high,,0.1291283188998939
movies,eva_two,pop_two,UserKNN,NDCG_TTEST,N/A,med-high,,0.6143150115319496
movies,eva_two,pop_two,ItemKNN,NDCG_TTEST,N/A,med-high,,0.433109247129692
movies,eva_two,pop_two,PMF,NDCG_TTEST,N/A,med-high,,0.557571034667036
movies,eva_two,pop_two,NMF,NDCG_TTEST,N/A,med-high,,0.2960284123514355
movies,eva_two,pop_two,HPF,NDCG_TTEST,N/A,med-high,,0.2429546325623585
movies,eva_two,pop_two,MostPop,GAP_TTEST,N/A,low-med,,1.829092652998953e-99
movies,eva_two,pop_two,UserKNN,GAP_TTEST,N/A,low-med,,6.596365323696972e-43
movies,eva_two,pop_two,ItemKNN,GAP_TTEST,N/A,low-med,,8.441884977267479e-79
movies,eva_two,pop_two,PMF,GAP_TTEST,N/A,low-med,,4.167816786865298e-40
movies,eva_two,pop_two,NMF,GAP_TTEST,N/A,low-med,,5.4389428671228685e-50
movies,eva_two,pop_two,HPF,GAP_TTEST,N/A,low-med,,1.9737825661614154e-38
movies,eva_two,pop_two,MostPop,GAP_TTEST,N/A,low-high,,6.71317256748516e-218
movies,eva_two,pop_two,UserKNN,GAP_TTEST,N/A,low-high,,2.2048983851593006e-110
movies,eva_two,pop_two,ItemKNN,GAP_TTEST,N/A,low-high,,5.443508927911901e-134
movies,eva_two,pop_two,PMF,GAP_TTEST,N/A,low-high,,2.0507617021972654e-96
movies,eva_two,pop_two,NMF,GAP_TTEST,N/A,low-high,,8.487656833710431e-125
movies,eva_two,pop_two,HPF,GAP_TTEST,N/A,low-high,,7.45707486568808e-135
movies,eva_two,pop_two,MostPop,GAP_TTEST,N/A,med-high,,2.3635199772810456e-241
movies,eva_two,pop_two,UserKNN,GAP_TTEST,N/A,med-high,,2.5808542338147172e-79
movies,eva_two,pop_two,ItemKNN,GAP_TTEST,N/A,med-high,,3.8162829339560106e-64
movies,eva_two,pop_two,PMF,GAP_TTEST,N/A,med-high,,2.3156469027613647e-69
movies,eva_two,pop_two,NMF,GAP_TTEST,N/A,med-high,,4.4696436725780667e-91
movies,eva_two,pop_two,HPF,GAP_TTEST,N/A,med-high,,6.713058309154196e-148
movies,eva_two,pop_four,MostPop,NDCG,low,N/A,0.933482474167947,
movies,eva_two,pop_four,UserKNN,NDCG,low,N/A,0.93805935224139,
movies,eva_two,pop_four,ItemKNN,NDCG,low,N/A,0.9350373359223638,
movies,eva_two,pop_four,PMF,NDCG,low,N/A,0.9414039962553736,
movies,eva_two,pop_four,NMF,NDCG,low,N/A,0.9396568278196528,
movies,eva_two,pop_four,HPF,NDCG,low,N/A,0.934507394427532,
movies,eva_two,pop_four,MostPop,NDCG,med,N/A,0.9365538726573218,
movies,eva_two,pop_four,UserKNN,NDCG,med,N/A,0.9430947867667632,
movies,eva_two,pop_four,ItemKNN,NDCG,med,N/A,0.9431352473236604,
movies,eva_two,pop_four,PMF,NDCG,med,N/A,0.948852706240385,
movies,eva_two,pop_four,NMF,NDCG,med,N/A,0.9430008868126092,
movies,eva_two,pop_four,HPF,NDCG,med,N/A,0.9382330974703617,
movies,eva_two,pop_four,MostPop,NDCG,high,N/A,0.9301053300854748,
movies,eva_two,pop_four,UserKNN,NDCG,high,N/A,0.9355607280605388,
movies,eva_two,pop_four,ItemKNN,NDCG,high,N/A,0.9355793987597016,
movies,eva_two,pop_four,PMF,NDCG,high,N/A,0.9413238992914128,
movies,eva_two,pop_four,NMF,NDCG,high,N/A,0.9337747473435568,
movies,eva_two,pop_four,HPF,NDCG,high,N/A,0.9338902596963125,
movies,eva_two,pop_four,MostPop,GAP,low,N/A,26.50761309427015,
movies,eva_two,pop_four,UserKNN,GAP,low,N/A,12.97068536887137,
movies,eva_two,pop_four,ItemKNN,GAP,low,N/A,9.690050103051844,
movies,eva_two,pop_four,PMF,GAP,low,N/A,13.381526360746063,
movies,eva_two,pop_four,NMF,GAP,low,N/A,14.76489515458186,
movies,eva_two,pop_four,HPF,GAP,low,N/A,19.27519673156975,
movies,eva_two,pop_four,MostPop,GAP,med,N/A,63.443051314844446,
movies,eva_two,pop_four,UserKNN,GAP,med,N/A,27.65494864978236,
movies,eva_two,pop_four,ItemKNN,GAP,med,N/A,25.378534995362106,
movies,eva_two,pop_four,PMF,GAP,med,N/A,28.26916811151812,
movies,eva_two,pop_four,NMF,GAP,med,N/A,31.11969585726162,
movies,eva_two,pop_four,HPF,GAP,med,N/A,43.47666404270944,
movies,eva_two,pop_four,MostPop,GAP,high,N/A,71.14447405278537,
movies,eva_two,pop_four,UserKNN,GAP,high,N/A,27.446467641158907,
movies,eva_two,pop_four,ItemKNN,GAP,high,N/A,32.55279637357782,
movies,eva_two,pop_four,PMF,GAP,high,N/A,26.633622479793317,
movies,eva_two,pop_four,NMF,GAP,high,N/A,30.36877487619392,
movies,eva_two,pop_four,HPF,GAP,high,N/A,39.4082961872227,
movies,eva_two,pop_four,MostPop,NDCG_TTEST,N/A,low-med,,0.065476395625993
movies,eva_two,pop_four,UserKNN,NDCG_TTEST,N/A,low-med,,0.0019073521891871
movies,eva_two,pop_four,ItemKNN,NDCG_TTEST,N/A,low-med,,6.899429033178033e-07
movies,eva_two,pop_four,PMF,NDCG_TTEST,N/A,low-med,,2.337018136571643e-06
movies,eva_two,pop_four,NMF,NDCG_TTEST,N/A,low-med,,0.0334690036931275
movies,eva_two,pop_four,HPF,NDCG_TTEST,N/A,low-med,,0.026764801985512
movies,eva_two,pop_four,MostPop,NDCG_TTEST,N/A,low-high,,0.1140456003169307
movies,eva_two,pop_four,UserKNN,NDCG_TTEST,N/A,low-high,,0.2406976619513843
movies,eva_two,pop_four,ItemKNN,NDCG_TTEST,N/A,low-high,,0.8017527553222235
movies,eva_two,pop_four,PMF,NDCG_TTEST,N/A,low-high,,0.969372267168235
movies,eva_two,pop_four,NMF,NDCG_TTEST,N/A,low-high,,0.0065899348594502
movies,eva_two,pop_four,HPF,NDCG_TTEST,N/A,low-high,,0.7723034357149958
movies,eva_two,pop_four,MostPop,NDCG_TTEST,N/A,med-high,,0.0001756418584452
movies,eva_two,pop_four,UserKNN,NDCG_TTEST,N/A,med-high,,1.460224662082714e-05
movies,eva_two,pop_four,ItemKNN,NDCG_TTEST,N/A,med-high,,2.0528648282580145e-05
movies,eva_two,pop_four,PMF,NDCG_TTEST,N/A,med-high,,1.0469690465709402e-05
movies,eva_two,pop_four,NMF,NDCG_TTEST,N/A,med-high,,4.654658066737136e-07
movies,eva_two,pop_four,HPF,NDCG_TTEST,N/A,med-high,,0.0114947442604839
movies,eva_two,pop_four,MostPop,GAP_TTEST,N/A,low-med,,1.047116076591048e-121
movies,eva_two,pop_four,UserKNN,GAP_TTEST,N/A,low-med,,4.3440416497067493e-36
movies,eva_two,pop_four,ItemKNN,GAP_TTEST,N/A,low-med,,1.4410211479477331e-40
movies,eva_two,pop_four,PMF,GAP_TTEST,N/A,low-med,,1.0489588268981954e-33
movies,eva_two,pop_four,NMF,GAP_TTEST,N/A,low-med,,2.2666988007750334e-41
movies,eva_two,pop_four,HPF,GAP_TTEST,N/A,low-med,,1.5085668651300997e-71
movies,eva_two,pop_four,MostPop,GAP_TTEST,N/A,low-high,,5.636082624827893e-71
movies,eva_two,pop_four,UserKNN,GAP_TTEST,N/A,low-high,,1.510011766778795e-17
movies,eva_two,pop_four,ItemKNN,GAP_TTEST,N/A,low-high,,1.384041654419665e-35
movies,eva_two,pop_four,PMF,GAP_TTEST,N/A,low-high,,7.436022022346118e-14
movies,eva_two,pop_four,NMF,GAP_TTEST,N/A,low-high,,2.054662645486096e-19
movies,eva_two,pop_four,HPF,GAP_TTEST,N/A,low-high,,1.5835604778170016e-26
movies,eva_two,pop_four,MostPop,GAP_TTEST,N/A,med-high,,0.0005320409352583
movies,eva_two,pop_four,UserKNN,GAP_TTEST,N/A,med-high,,0.8880366121444514
movies,eva_two,pop_four,ItemKNN,GAP_TTEST,N/A,med-high,,1.1710846686161135e-05
movies,eva_two,pop_four,PMF,GAP_TTEST,N/A,med-high,,0.295799924344201
movies,eva_two,pop_four,NMF,GAP_TTEST,N/A,med-high,,0.618268846857871
movies,eva_two,pop_four,HPF,GAP_TTEST,N/A,med-high,,0.0138920852138122
movies,eva_three,pop_one,MostPop,NDCG,low,N/A,0.366758128838243,
movies,eva_three,pop_one,UserKNN,NDCG,low,N/A,0.0028411885418934,
movies,eva_three,pop_one,ItemKNN,NDCG,low,N/A,0.1769624994002037,
movies,eva_three,pop_one,PMF,NDCG,low,N/A,0.2565166433780614,
movies,eva_three,pop_one,NMF,NDCG,low,N/A,0.0153715155838727,
movies,eva_three,pop_one,HPF,NDCG,low,N/A,0.5737295048302057,
movies,eva_three,pop_one,MostPop,NDCG,med,N/A,0.4017927721934525,
movies,eva_three,pop_one,UserKNN,NDCG,med,N/A,0.000389799222858,
movies,eva_three,pop_one,ItemKNN,NDCG,med,N/A,0.1081273913639885,
movies,eva_three,pop_one,PMF,NDCG,med,N/A,0.2516680218421844,
movies,eva_three,pop_one,NMF,NDCG,med,N/A,0.0103000293101408,
movies,eva_three,pop_one,HPF,NDCG,med,N/A,0.5521461719604484,
movies,eva_three,pop_one,MostPop,NDCG,high,N/A,0.3877876761274738,
movies,eva_three,pop_one,UserKNN,NDCG,high,N/A,0.000414937759336,
movies,eva_three,pop_one,ItemKNN,NDCG,high,N/A,0.0182786484555745,
movies,eva_three,pop_one,PMF,NDCG,high,N/A,0.2164774569326985,
movies,eva_three,pop_one,NMF,NDCG,high,N/A,0.0058619674690183,
movies,eva_three,pop_one,HPF,NDCG,high,N/A,0.5029440239044299,
movies,eva_three,pop_one,MostPop,GAP,low,N/A,303.9642844391093,
movies,eva_three,pop_one,UserKNN,GAP,low,N/A,-98.98652323347066,
movies,eva_three,pop_one,ItemKNN,GAP,low,N/A,-58.1797644717452,
movies,eva_three,pop_one,PMF,GAP,low,N/A,46.63672972307824,
movies,eva_three,pop_one,NMF,GAP,low,N/A,-93.56832930440954,
movies,eva_three,pop_one,HPF,GAP,low,N/A,95.15043660951456,
movies,eva_three,pop_one,MostPop,GAP,med,N/A,177.4352346791362,
movies,eva_three,pop_one,UserKNN,GAP,med,N/A,-99.45584029330456,
movies,eva_three,pop_one,ItemKNN,GAP,med,N/A,-80.01065296458884,
movies,eva_three,pop_one,PMF,GAP,med,N/A,15.451507749127533,
movies,eva_three,pop_one,NMF,GAP,med,N/A,-95.54248291220895,
movies,eva_three,pop_one,HPF,GAP,med,N/A,79.98271688938796,
movies,eva_three,pop_one,MostPop,GAP,high,N/A,109.9754950262872,
movies,eva_three,pop_one,UserKNN,GAP,high,N/A,-99.4916484229582,
movies,eva_three,pop_one,ItemKNN,GAP,high,N/A,-96.51578541719915,
movies,eva_three,pop_one,PMF,GAP,high,N/A,-0.9234136853096734,
movies,eva_three,pop_one,NMF,GAP,high,N/A,-96.55417383757847,
movies,eva_three,pop_one,HPF,GAP,high,N/A,53.08558009421053,
movies,eva_three,pop_one,MostPop,NDCG_TTEST,N/A,low-med,,0.0022322075510695
movies,eva_three,pop_one,UserKNN,NDCG_TTEST,N/A,low-med,,0.0399361843883742
movies,eva_three,pop_one,ItemKNN,NDCG_TTEST,N/A,low-med,,4.530588281949873e-13
movies,eva_three,pop_one,PMF,NDCG_TTEST,N/A,low-med,,0.6407196494241489
movies,eva_three,pop_one,NMF,NDCG_TTEST,N/A,low-med,,0.0846135670237264
movies,eva_three,pop_one,HPF,NDCG_TTEST,N/A,low-med,,0.0342918959543658
movies,eva_three,pop_one,MostPop,NDCG_TTEST,N/A,low-high,,0.1111751320716526
movies,eva_three,pop_one,UserKNN,NDCG_TTEST,N/A,low-high,,0.0517156145090072
movies,eva_three,pop_one,ItemKNN,NDCG_TTEST,N/A,low-high,,2.11575650318158e-62
movies,eva_three,pop_one,PMF,NDCG_TTEST,N/A,low-high,,0.0010873111993565
movies,eva_three,pop_one,NMF,NDCG_TTEST,N/A,low-high,,0.0035155849270619
movies,eva_three,pop_one,HPF,NDCG_TTEST,N/A,low-high,,5.281428858213603e-09
movies,eva_three,pop_one,MostPop,NDCG_TTEST,N/A,med-high,,0.1613131825472858
movies,eva_three,pop_one,UserKNN,NDCG_TTEST,N/A,med-high,,0.9565092428817028
movies,eva_three,pop_one,ItemKNN,NDCG_TTEST,N/A,med-high,,1.7561993981538933e-71
movies,eva_three,pop_one,PMF,NDCG_TTEST,N/A,med-high,,0.0002518489275534
movies,eva_three,pop_one,NMF,NDCG_TTEST,N/A,med-high,,0.0508945411302488
movies,eva_three,pop_one,HPF,NDCG_TTEST,N/A,med-high,,1.608602229029875e-07
movies,eva_three,pop_one,MostPop,GAP_TTEST,N/A,low-med,,0.0
movies,eva_three,pop_one,UserKNN,GAP_TTEST,N/A,low-med,,0.000993835491839
movies,eva_three,pop_one,ItemKNN,GAP_TTEST,N/A,low-med,,1.34054048580252e-32
movies,eva_three,pop_one,PMF,GAP_TTEST,N/A,low-med,,9.405367160038242e-36
movies,eva_three,pop_one,NMF,GAP_TTEST,N/A,low-med,,6.592292564962935e-10
movies,eva_three,pop_one,HPF,GAP_TTEST,N/A,low-med,,4.0623456092836704e-17
movies,eva_three,pop_one,MostPop,GAP_TTEST,N/A,low-high,,0.0
movies,eva_three,pop_one,UserKNN,GAP_TTEST,N/A,low-high,,0.0008977588837796
movies,eva_three,pop_one,ItemKNN,GAP_TTEST,N/A,low-high,,5.488161534825693e-92
movies,eva_three,pop_one,PMF,GAP_TTEST,N/A,low-high,,3.6562236876238473e-72
movies,eva_three,pop_one,NMF,GAP_TTEST,N/A,low-high,,1.1619731262209886e-18
movies,eva_three,pop_one,HPF,GAP_TTEST,N/A,low-high,,3.405993928208903e-104
movies,eva_three,pop_one,MostPop,GAP_TTEST,N/A,med-high,,0.0
movies,eva_three,pop_one,UserKNN,GAP_TTEST,N/A,med-high,,0.6496745892950216
movies,eva_three,pop_one,ItemKNN,GAP_TTEST,N/A,med-high,,6.390369758360449e-137
movies,eva_three,pop_one,PMF,GAP_TTEST,N/A,med-high,,2.298129710622545e-31
movies,eva_three,pop_one,NMF,GAP_TTEST,N/A,med-high,,3.627715793850571e-07
movies,eva_three,pop_one,HPF,GAP_TTEST,N/A,med-high,,4.014675588520321e-153
movies,eva_three,pop_two,MostPop,NDCG,low,N/A,0.3934492872462038,
movies,eva_three,pop_two,UserKNN,NDCG,low,N/A,0.0026687825890018,
movies,eva_three,pop_two,ItemKNN,NDCG,low,N/A,0.2124020714872089,
movies,eva_three,pop_two,PMF,NDCG,low,N/A,0.2778585660858328,
movies,eva_three,pop_two,NMF,NDCG,low,N/A,0.0162838555400901,
movies,eva_three,pop_two,HPF,NDCG,low,N/A,0.6104110008532614,
movies,eva_three,pop_two,MostPop,NDCG,med,N/A,0.3931475490054932,
movies,eva_three,pop_two,UserKNN,NDCG,med,N/A,0.0004480525157832,
movies,eva_three,pop_two,ItemKNN,NDCG,med,N/A,0.0997445759101882,
movies,eva_three,pop_two,PMF,NDCG,med,N/A,0.2443458956309618,
movies,eva_three,pop_two,NMF,NDCG,med,N/A,0.0095987387209614,
movies,eva_three,pop_two,HPF,NDCG,med,N/A,0.54906217140289,
movies,eva_three,pop_two,MostPop,NDCG,high,N/A,0.3870141234060004,
movies,eva_three,pop_two,UserKNN,NDCG,high,N/A,0.0004145936981757,
movies,eva_three,pop_two,ItemKNN,NDCG,high,N/A,0.0081105681074322,
movies,eva_three,pop_two,PMF,NDCG,high,N/A,0.2171356306383389,
movies,eva_three,pop_two,NMF,NDCG,high,N/A,0.0070623724809412,
movies,eva_three,pop_two,HPF,NDCG,high,N/A,0.4755504797916738,
movies,eva_three,pop_two,MostPop,GAP,low,N/A,310.7305278272025,
movies,eva_three,pop_two,UserKNN,GAP,low,N/A,-99.03898204704036,
movies,eva_three,pop_two,ItemKNN,GAP,low,N/A,-48.5965392762024,
movies,eva_three,pop_two,PMF,GAP,low,N/A,52.28676188452405,
movies,eva_three,pop_two,NMF,GAP,low,N/A,-93.22213517871212,
movies,eva_three,pop_two,HPF,GAP,low,N/A,101.08692886758676,
movies,eva_three,pop_two,MostPop,GAP,med,N/A,181.30886122830185,
movies,eva_three,pop_two,UserKNN,GAP,med,N/A,-99.42362885906287,
movies,eva_three,pop_two,ItemKNN,GAP,med,N/A,-80.88620705157167,
movies,eva_three,pop_two,PMF,GAP,med,N/A,17.100613870711022,
movies,eva_three,pop_two,NMF,GAP,med,N/A,-95.54932268869692,
movies,eva_three,pop_two,HPF,GAP,med,N/A,81.41661059933973,
movies,eva_three,pop_two,MostPop,GAP,high,N/A,102.3917340221018,
movies,eva_three,pop_two,UserKNN,GAP,high,N/A,-99.52841823852364,
movies,eva_three,pop_two,ItemKNN,GAP,high,N/A,-98.42242607686944,
movies,eva_three,pop_two,PMF,GAP,high,N/A,-6.222877622314912,
movies,eva_three,pop_two,NMF,GAP,high,N/A,-96.64687801146027,
movies,eva_three,pop_two,HPF,GAP,high,N/A,48.32272316622392,
movies,eva_three,pop_two,MostPop,NDCG_TTEST,N/A,low-med,,0.9793730349292448
movies,eva_three,pop_two,UserKNN,NDCG_TTEST,N/A,low-med,,0.0536745109176359
movies,eva_three,pop_two,ItemKNN,NDCG_TTEST,N/A,low-med,,4.7059990889180145e-29
movies,eva_three,pop_two,PMF,NDCG_TTEST,N/A,low-med,,0.0014830757608456
movies,eva_three,pop_two,NMF,NDCG_TTEST,N/A,low-med,,0.027537065467909
movies,eva_three,pop_two,HPF,NDCG_TTEST,N/A,low-med,,7.820520624133757e-10
movies,eva_three,pop_two,MostPop,NDCG_TTEST,N/A,low-high,,0.6300664762894985
movies,eva_three,pop_two,UserKNN,NDCG_TTEST,N/A,low-high,,0.0606180269554239
movies,eva_three,pop_two,ItemKNN,NDCG_TTEST,N/A,low-high,,1.121461054274683e-90
movies,eva_three,pop_two,PMF,NDCG_TTEST,N/A,low-high,,9.66221733496528e-07
movies,eva_three,pop_two,NMF,NDCG_TTEST,N/A,low-high,,0.0081240164291463
movies,eva_three,pop_two,HPF,NDCG_TTEST,N/A,low-high,,5.423991637756443e-29
movies,eva_three,pop_two,MostPop,NDCG_TTEST,N/A,med-high,,0.5360915326099873
movies,eva_three,pop_two,UserKNN,NDCG_TTEST,N/A,med-high,,0.943751569319074
movies,eva_three,pop_two,ItemKNN,NDCG_TTEST,N/A,med-high,,8.970161122088277e-98
movies,eva_three,pop_two,PMF,NDCG_TTEST,N/A,med-high,,0.0044567403374784
movies,eva_three,pop_two,NMF,NDCG_TTEST,N/A,med-high,,0.2924412329823898
movies,eva_three,pop_two,HPF,NDCG_TTEST,N/A,med-high,,8.672118156694048e-15
movies,eva_three,pop_two,MostPop,GAP_TTEST,N/A,low-med,,0.0
movies,eva_three,pop_two,UserKNN,GAP_TTEST,N/A,low-med,,0.005933915563095
movies,eva_three,pop_two,ItemKNN,GAP_TTEST,N/A,low-med,,3.026241342595041e-56
movies,eva_three,pop_two,PMF,GAP_TTEST,N/A,low-med,,9.299167233825149e-43
movies,eva_three,pop_two,NMF,GAP_TTEST,N/A,low-med,,4.979008537988429e-12
movies,eva_three,pop_two,HPF,GAP_TTEST,N/A,low-med,,4.7544594917029625e-26
movies,eva_three,pop_two,MostPop,GAP_TTEST,N/A,low-high,,0.0
movies,eva_three,pop_two,UserKNN,GAP_TTEST,N/A,low-high,,0.0007738039784537
movies,eva_three,pop_two,ItemKNN,GAP_TTEST,N/A,low-high,,7.172885620995032e-122
movies,eva_three,pop_two,PMF,GAP_TTEST,N/A,low-high,,2.9448956723226115e-101
movies,eva_three,pop_two,NMF,GAP_TTEST,N/A,low-high,,1.770860481539319e-22
movies,eva_three,pop_two,HPF,GAP_TTEST,N/A,low-high,,2.0435143393329572e-147
movies,eva_three,pop_two,MostPop,GAP_TTEST,N/A,med-high,,0.0
movies,eva_three,pop_two,UserKNN,GAP_TTEST,N/A,med-high,,0.1600072535197484
movies,eva_three,pop_two,ItemKNN,GAP_TTEST,N/A,med-high,,2.765390975803674e-193
movies,eva_three,pop_two,PMF,GAP_TTEST,N/A,med-high,,2.7052365092444784e-62
movies,eva_three,pop_two,NMF,GAP_TTEST,N/A,med-high,,1.0857198094075029e-08
movies,eva_three,pop_two,HPF,GAP_TTEST,N/A,med-high,,4.5499565069835864e-234
movies,eva_three,pop_four,MostPop,NDCG,low,N/A,0.3179884610100823,
movies,eva_three,pop_four,UserKNN,NDCG,low,N/A,0.0004156275976724,
movies,eva_three,pop_four,ItemKNN,NDCG,low,N/A,0.027770496440658,
movies,eva_three,pop_four,PMF,NDCG,low,N/A,0.1891287352661519,
movies,eva_three,pop_four,NMF,NDCG,low,N/A,0.0042264291518519,
movies,eva_three,pop_four,HPF,NDCG,low,N/A,0.4773038068035559,
movies,eva_three,pop_four,MostPop,NDCG,med,N/A,0.4362712592268373,
movies,eva_three,pop_four,UserKNN,NDCG,med,N/A,0.00030971251646,
movies,eva_three,pop_four,ItemKNN,NDCG,med,N/A,0.127612772154626,
movies,eva_three,pop_four,PMF,NDCG,med,N/A,0.2730266082436077,
movies,eva_three,pop_four,NMF,NDCG,med,N/A,0.0109104183258091,
movies,eva_three,pop_four,HPF,NDCG,med,N/A,0.5813062670843667,
movies,eva_three,pop_four,MostPop,NDCG,high,N/A,0.3327526391462366,
movies,eva_three,pop_four,UserKNN,NDCG,high,N/A,0.0030830327961269,
movies,eva_three,pop_four,ItemKNN,NDCG,high,N/A,0.1089056845790717,
movies,eva_three,pop_four,PMF,NDCG,high,N/A,0.2195915916281149,
movies,eva_three,pop_four,NMF,NDCG,high,N/A,0.0151657974110149,
movies,eva_three,pop_four,HPF,NDCG,high,N/A,0.5116683411848281,
movies,eva_three,pop_four,MostPop,GAP,low,N/A,149.35673935471092,
movies,eva_three,pop_four,UserKNN,GAP,low,N/A,-99.32914189127624,
movies,eva_three,pop_four,ItemKNN,GAP,low,N/A,-94.70262170893024,
movies,eva_three,pop_four,PMF,GAP,low,N/A,15.757038487492132,
movies,eva_three,pop_four,NMF,GAP,low,N/A,-95.76992260595492,
movies,eva_three,pop_four,HPF,GAP,low,N/A,61.62178853330986,
movies,eva_three,pop_four,MostPop,GAP,med,N/A,169.88493944327513,
movies,eva_three,pop_four,UserKNN,GAP,med,N/A,-99.47848484434816,
movies,eva_three,pop_four,ItemKNN,GAP,med,N/A,-76.9643791946606,
movies,eva_three,pop_four,PMF,GAP,med,N/A,11.996157674251142,
movies,eva_three,pop_four,NMF,GAP,med,N/A,-95.80563599090628,
movies,eva_three,pop_four,HPF,GAP,med,N/A,78.02287178632095,
movies,eva_three,pop_four,MostPop,GAP,high,N/A,240.73762062605755,
movies,eva_three,pop_four,UserKNN,GAP,high,N/A,-99.21167461945632,
movies,eva_three,pop_four,ItemKNN,GAP,high,N/A,-79.59227175531197,
movies,eva_three,pop_four,PMF,GAP,high,N/A,27.456475082714636,
movies,eva_three,pop_four,NMF,GAP,high,N/A,-94.2378056877964,
movies,eva_three,pop_four,HPF,GAP,high,N/A,81.69572014403744,
movies,eva_three,pop_four,MostPop,NDCG_TTEST,N/A,low-med,,1.3817598698567577e-29
movies,eva_three,pop_four,UserKNN,NDCG_TTEST,N/A,low-med,,0.8157685732151265
movies,eva_three,pop_four,ItemKNN,NDCG_TTEST,N/A,low-med,,4.846241132626656e-68
movies,eva_three,pop_four,PMF,NDCG_TTEST,N/A,low-med,,7.68728260833677e-19
movies,eva_three,pop_four,NMF,NDCG_TTEST,N/A,low-med,,0.0004358008023252
movies,eva_three,pop_four,HPF,NDCG_TTEST,N/A,low-med,,5.7300544462028956e-27
movies,eva_three,pop_four,MostPop,NDCG_TTEST,N/A,low-high,,0.2546186778217831
movies,eva_three,pop_four,UserKNN,NDCG_TTEST,N/A,low-high,,0.0358110837526207
movies,eva_three,pop_four,ItemKNN,NDCG_TTEST,N/A,low-high,,4.6725511258697353e-23
movies,eva_three,pop_four,PMF,NDCG_TTEST,N/A,low-high,,0.0104277788921389
movies,eva_three,pop_four,NMF,NDCG_TTEST,N/A,low-high,,0.0002018885165025
movies,eva_three,pop_four,HPF,NDCG_TTEST,N/A,low-high,,0.0055080472080413
movies,eva_three,pop_four,MostPop,NDCG_TTEST,N/A,med-high,,3.086791284066225e-21
movies,eva_three,pop_four,UserKNN,NDCG_TTEST,N/A,med-high,,0.022473916148508
movies,eva_three,pop_four,ItemKNN,NDCG_TTEST,N/A,med-high,,0.0250602870379703
movies,eva_three,pop_four,PMF,NDCG_TTEST,N/A,med-high,,1.8653991759775474e-07
movies,eva_three,pop_four,NMF,NDCG_TTEST,N/A,med-high,,0.1483635589466771
movies,eva_three,pop_four,HPF,NDCG_TTEST,N/A,med-high,,1.3895726768921652e-11
movies,eva_three,pop_four,MostPop,GAP_TTEST,N/A,low-med,,0.0
movies,eva_three,pop_four,UserKNN,GAP_TTEST,N/A,low-med,,0.1689986748336257
movies,eva_three,pop_four,ItemKNN,GAP_TTEST,N/A,low-med,,2.0368362934080194e-120
movies,eva_three,pop_four,PMF,GAP_TTEST,N/A,low-med,,0.015126846262321
movies,eva_three,pop_four,NMF,GAP_TTEST,N/A,low-med,,0.87021584854918
movies,eva_three,pop_four,HPF,GAP_TTEST,N/A,low-med,,4.346104540735964e-37
movies,eva_three,pop_four,MostPop,GAP_TTEST,N/A,low-high,,0.0
movies,eva_three,pop_four,UserKNN,GAP_TTEST,N/A,low-high,,0.4044186917787539
movies,eva_three,pop_four,ItemKNN,GAP_TTEST,N/A,low-high,,4.701878166349406e-36
movies,eva_three,pop_four,PMF,GAP_TTEST,N/A,low-high,,4.138198251999666e-07
movies,eva_three,pop_four,NMF,GAP_TTEST,N/A,low-high,,1.6122328113895391e-06
movies,eva_three,pop_four,HPF,GAP_TTEST,N/A,low-high,,7.599825389276222e-24
movies,eva_three,pop_four,MostPop,GAP_TTEST,N/A,med-high,,0.0
movies,eva_three,pop_four,UserKNN,GAP_TTEST,N/A,med-high,,0.0099030306462996
movies,eva_three,pop_four,ItemKNN,GAP_TTEST,N/A,med-high,,0.0344675104060616
movies,eva_three,pop_four,PMF,GAP_TTEST,N/A,med-high,,1.9859415249871001e-13
movies,eva_three,pop_four,NMF,GAP_TTEST,N/A,med-high,,3.277760926857078e-08
movies,eva_three,pop_four,HPF,GAP_TTEST,N/A,med-high,,0.0392882820440774
